{
    "state": {
        "isStdErrTTY": true,
        "testRunDurationMs": 35917.692525,
        "isStdOutTTY": true
    },
    "metrics": {
        "http_req_waiting": {
            "type": "trend",
            "contains": "time",
            "values": {
                "p(90)": 216.662484,
                "p(95)": 587.45185375,
                "avg": 92.51476504347825,
                "min": 22.528704,
                "med": 31.326942,
                "max": 657.15233
            }
        },
        "iteration_duration": {
            "type": "trend",
            "contains": "time",
            "values": {
                "avg": 1971.7027845333337,
                "min": 600.65776,
                "med": 2086.987582,
                "max": 3640.341977,
                "p(90)": 2974.1230824,
                "p(95)": 3111.5769153999995
            }
        },
        "iterations": {
            "type": "counter",
            "contains": "default",
            "values": {
                "count": 45,
                "rate": 1.2528644474774762
            }
        },
        "http_req_duration": {
            "type": "trend",
            "contains": "time",
            "values": {
                "p(95)": 587.59171575,
                "avg": 92.7004797391304,
                "min": 22.62131,
                "med": 31.6090975,
                "max": 657.348792,
                "p(90)": 216.8024135
            },
            "thresholds": {
                "p(95)<2000": {
                    "ok": true
                }
            }
        },
        "http_req_blocked": {
            "type": "trend",
            "contains": "time",
            "values": {
                "med": 0.015171,
                "max": 0.731846,
                "p(90)": 0.0341745,
                "p(95)": 0.32514,
                "avg": 0.051355804347826085,
                "min": 0.005141
            }
        },
        "data_received": {
            "type": "counter",
            "contains": "data",
            "values": {
                "rate": 1020.5276960508197,
                "count": 36655
            }
        },
        "checks{flow:get_settings}": {
            "contains": "default",
            "values": {
                "rate": 1,
                "passes": 45,
                "fails": 0
            },
            "thresholds": {
                "rate>0.95": {
                    "ok": true
                }
            },
            "type": "rate"
        },
        "http_req_duration{expected_response:true}": {
            "type": "trend",
            "contains": "time",
            "values": {
                "min": 22.62131,
                "med": 31.6090975,
                "max": 657.348792,
                "p(90)": 216.8024135,
                "p(95)": 587.59171575,
                "avg": 92.7004797391304
            }
        },
        "http_req_receiving": {
            "type": "trend",
            "contains": "time",
            "values": {
                "min": 0.053961,
                "med": 0.1219485,
                "max": 0.296701,
                "p(90)": 0.1915505,
                "p(95)": 0.24251999999999999,
                "avg": 0.12984519565217392
            }
        },
        "vus": {
            "contains": "default",
            "values": {
                "value": 2,
                "min": 1,
                "max": 3
            },
            "type": "gauge"
        },
        "data_sent": {
            "type": "counter",
            "contains": "data",
            "values": {
                "count": 14051,
                "rate": 391.1999633668004
            }
        },
        "http_req_sending": {
            "type": "trend",
            "contains": "time",
            "values": {
                "avg": 0.05586949999999999,
                "min": 0.014516,
                "med": 0.046424,
                "max": 0.212961,
                "p(90)": 0.0710935,
                "p(95)": 0.1170495
            }
        },
        "http_req_failed": {
            "contains": "default",
            "values": {
                "passes": 0,
                "fails": 46,
                "rate": 0
            },
            "thresholds": {
                "rate<0.10": {
                    "ok": true
                }
            },
            "type": "rate"
        },
        "http_reqs": {
            "contains": "default",
            "values": {
                "rate": 1.2807058796436424,
                "count": 46
            },
            "type": "counter"
        },
        "vus_max": {
            "type": "gauge",
            "contains": "default",
            "values": {
                "max": 3,
                "value": 3,
                "min": 3
            }
        },
        "checks": {
            "contains": "default",
            "values": {
                "fails": 0,
                "rate": 1,
                "passes": 45
            },
            "type": "rate"
        },
        "http_req_tls_handshaking": {
            "type": "trend",
            "contains": "time",
            "values": {
                "max": 0,
                "p(90)": 0,
                "p(95)": 0,
                "avg": 0,
                "min": 0,
                "med": 0
            }
        },
        "http_req_connecting": {
            "contains": "time",
            "values": {
                "min": 0,
                "med": 0,
                "max": 0.542344,
                "p(90)": 0,
                "p(95)": 0.22433075000000002,
                "avg": 0.025717565217391304
            },
            "type": "trend"
        }
    },
    "setup_data": {
        "token": "*** TOKEN OCULTO ***"
    },
    "root_group": {
        "path": "",
        "id": "d41d8cd98f00b204e9800998ecf8427e",
        "groups": [],
        "checks": [
                {
                    "name": "acesso à rota protegida bem-sucedido (200)",
                    "path": "::acesso à rota protegida bem-sucedido (200)",
                    "id": "67e462fd18b6ccec2700c0590e6b48a2",
                    "passes": 45,
                    "fails": 0
                }
            ],
        "name": ""
    },
    "options": {
        "summaryTrendStats": [
            "avg",
            "min",
            "med",
            "max",
            "p(90)",
            "p(95)"
        ],
        "summaryTimeUnit": "",
        "noColor": false
    }
}