{
    "options": {
        "summaryTrendStats": [
            "avg",
            "min",
            "med",
            "max",
            "p(90)",
            "p(95)"
        ],
        "summaryTimeUnit": "",
        "noColor": false
    },
    "state": {
        "isStdOutTTY": false,
        "isStdErrTTY": false,
        "testRunDurationMs": 138.765465
    },
    "metrics": {
        "http_req_duration": {
            "type": "trend",
            "contains": "time",
            "values": {
                "avg": 68.510707,
                "min": 44.566303,
                "med": 68.510707,
                "max": 92.455111,
                "p(90)": 87.6662302,
                "p(95)": 90.06067060000001
            },
            "thresholds": {
                "p(95)<5000": {
                    "ok": true
                }
            }
        },
        "http_req_sending": {
            "type": "trend",
            "contains": "time",
            "values": {
                "avg": 0.072087,
                "min": 0.039336,
                "med": 0.07208700000000001,
                "max": 0.104838,
                "p(90)": 0.09828780000000001,
                "p(95)": 0.10156290000000001
            }
        },
        "http_req_receiving": {
            "type": "trend",
            "contains": "time",
            "values": {
                "avg": 0.09407750000000001,
                "min": 0.087336,
                "med": 0.09407750000000001,
                "max": 0.100819,
                "p(90)": 0.09947070000000001,
                "p(95)": 0.10014485000000001
            }
        },
        "http_reqs": {
            "type": "counter",
            "contains": "default",
            "values": {
                "count": 2,
                "rate": 14.412807970628714
            }
        },
        "iteration_duration": {
            "contains": "time",
            "values": {
                "p(95)": 45.342029,
                "avg": 45.342029,
                "min": 45.342029,
                "med": 45.342029,
                "max": 45.342029,
                "p(90)": 45.342029
            },
            "type": "trend"
        },
        "data_received": {
            "values": {
                "count": 2305,
                "rate": 16610.761186149593
            },
            "type": "counter",
            "contains": "data"
        },
        "http_req_duration{expected_response:true}": {
            "type": "trend",
            "contains": "time",
            "values": {
                "min": 44.566303,
                "med": 68.510707,
                "max": 92.455111,
                "p(90)": 87.6662302,
                "p(95)": 90.06067060000001,
                "avg": 68.510707
            }
        },
        "http_req_failed": {
            "values": {
                "rate": 0,
                "passes": 0,
                "fails": 2
            },
            "type": "rate",
            "contains": "default"
        },
        "data_sent": {
            "type": "counter",
            "contains": "data",
            "values": {
                "count": 490,
                "rate": 3531.137952804035
            }
        },
        "http_req_waiting": {
            "type": "trend",
            "contains": "time",
            "values": {
                "avg": 68.3445425,
                "min": 44.439631,
                "med": 68.3445425,
                "max": 92.249454,
                "p(90)": 87.46847170000001,
                "p(95)": 89.85896285
            }
        },
        "iterations": {
            "type": "counter",
            "contains": "default",
            "values": {
                "count": 1,
                "rate": 7.206403985314357
            }
        },
        "checks": {
            "type": "rate",
            "contains": "default",
            "values": {
                "rate": 1,
                "passes": 4,
                "fails": 0
            },
            "thresholds": {
                "rate>0.80": {
                    "ok": true
                }
            }
        },
        "http_req_blocked": {
            "type": "trend",
            "contains": "time",
            "values": {
                "med": 0.2887715,
                "max": 0.29748,
                "p(90)": 0.2957383,
                "p(95)": 0.29660915000000004,
                "avg": 0.2887715,
                "min": 0.280063
            }
        },
        "http_req_connecting": {
            "type": "trend",
            "contains": "time",
            "values": {
                "avg": 0.20879799999999998,
                "min": 0.180597,
                "med": 0.20879799999999998,
                "max": 0.236999,
                "p(90)": 0.23135879999999998,
                "p(95)": 0.2341789
            }
        },
        "http_req_tls_handshaking": {
            "type": "trend",
            "contains": "time",
            "values": {
                "avg": 0,
                "min": 0,
                "med": 0,
                "max": 0,
                "p(90)": 0,
                "p(95)": 0
            }
        }
    },
    "setup_data": {
        "token": "*** TOKEN OCULTO ***"
    },
    "root_group": {
        "path": "",
        "id": "d41d8cd98f00b204e9800998ecf8427e",
        "groups": [],
        "checks": [
                {
                    "passes": 1,
                    "fails": 0,
                    "name": "Status é 200",
                    "path": "::Status é 200",
                    "id": "9fc2989e4f5bce205ffc0afd55836aea"
                },
                {
                    "name": "Resposta é JSON válido",
                    "path": "::Resposta é JSON válido",
                    "id": "e81c4143159b4b9c79bd64b505f55bbf",
                    "passes": 1,
                    "fails": 0
                },
                {
                    "path": "::Retornou lista de backups",
                    "id": "f9c7d8ad7a7804ab671e78057c540a6f",
                    "passes": 1,
                    "fails": 0,
                    "name": "Retornou lista de backups"
                },
                {
                    "passes": 1,
                    "fails": 0,
                    "name": "Estrutura de \"latest\" válida",
                    "path": "::Estrutura de \"latest\" válida",
                    "id": "64b1bd6158a973fba7ae077402f0ced4"
                }
            ],
        "name": ""
    }
}