{
    "metrics": {
        "http_reqs": {
            "type": "counter",
            "contains": "default",
            "values": {
                "count": 2,
                "rate": 19.61278844417643
            }
        },
        "http_req_failed": {
            "type": "rate",
            "contains": "default",
            "values": {
                "rate": 0,
                "passes": 0,
                "fails": 2
            }
        },
        "data_received": {
            "values": {
                "count": 1507,
                "rate": 14778.236092686939
            },
            "type": "counter",
            "contains": "data"
        },
        "iteration_duration": {
            "type": "trend",
            "contains": "time",
            "values": {
                "p(95)": 6.436663,
                "avg": 6.436663,
                "min": 6.436663,
                "med": 6.436663,
                "max": 6.436663,
                "p(90)": 6.436663
            }
        },
        "http_req_duration": {
            "values": {
                "avg": 49.766297,
                "min": 5.52287,
                "med": 49.766297,
                "max": 94.009724,
                "p(90)": 85.16103860000001,
                "p(95)": 89.5853813
            },
            "type": "trend",
            "contains": "time"
        },
        "http_req_duration{expected_response:true}": {
            "type": "trend",
            "contains": "time",
            "values": {
                "p(90)": 85.16103860000001,
                "p(95)": 89.5853813,
                "avg": 49.766297,
                "min": 5.52287,
                "med": 49.766297,
                "max": 94.009724
            }
        },
        "http_req_blocked": {
            "type": "trend",
            "contains": "time",
            "values": {
                "min": 0.305124,
                "med": 0.347966,
                "max": 0.390808,
                "p(90)": 0.3822396,
                "p(95)": 0.3865238,
                "avg": 0.347966
            }
        },
        "http_req_waiting": {
            "type": "trend",
            "contains": "time",
            "values": {
                "avg": 49.54310400000001,
                "min": 5.32228,
                "med": 49.543104,
                "max": 93.763928,
                "p(90)": 84.9197632,
                "p(95)": 89.3418456
            }
        },
        "checks": {
            "type": "rate",
            "contains": "default",
            "values": {
                "rate": 1,
                "passes": 4,
                "fails": 0
            },
            "thresholds": {
                "rate==1.0": {
                    "ok": true
                }
            }
        },
        "iterations": {
            "type": "counter",
            "contains": "default",
            "values": {
                "rate": 9.806394222088215,
                "count": 1
            }
        },
        "http_req_connecting": {
            "contains": "time",
            "values": {
                "med": 0.2454305,
                "max": 0.261452,
                "p(90)": 0.2582477,
                "p(95)": 0.25984985,
                "avg": 0.2454305,
                "min": 0.229409
            },
            "type": "trend"
        },
        "http_req_tls_handshaking": {
            "values": {
                "max": 0,
                "p(90)": 0,
                "p(95)": 0,
                "avg": 0,
                "min": 0,
                "med": 0
            },
            "type": "trend",
            "contains": "time"
        },
        "http_req_sending": {
            "contains": "time",
            "values": {
                "p(90)": 0.1327693,
                "p(95)": 0.13599615,
                "avg": 0.10695450000000001,
                "min": 0.074686,
                "med": 0.10695450000000001,
                "max": 0.139223
            },
            "type": "trend"
        },
        "data_sent": {
            "type": "counter",
            "contains": "data",
            "values": {
                "rate": 4697.262832380255,
                "count": 479
            }
        },
        "http_req_receiving": {
            "type": "trend",
            "contains": "time",
            "values": {
                "min": 0.106573,
                "med": 0.1162385,
                "max": 0.125904,
                "p(90)": 0.1239709,
                "p(95)": 0.12493744999999999,
                "avg": 0.1162385
            }
        }
    },
    "setup_data": {
        "token": "*** TOKEN OCULTO ***"
    },
    "root_group": {
        "name": "",
        "path": "",
        "id": "d41d8cd98f00b204e9800998ecf8427e",
        "groups": [],
        "checks": [
                {
                    "name": "Status é 200",
                    "path": "::Status é 200",
                    "id": "9fc2989e4f5bce205ffc0afd55836aea",
                    "passes": 1,
                    "fails": 0
                },
                {
                    "name": "Header Content-Type correto",
                    "path": "::Header Content-Type correto",
                    "id": "cbb48d7a48dce89eb2bb4c414b196516",
                    "passes": 1,
                    "fails": 0
                },
                {
                    "id": "f9c7d8ad7a7804ab671e78057c540a6f",
                    "passes": 1,
                    "fails": 0,
                    "name": "Retornou lista de backups",
                    "path": "::Retornou lista de backups"
                },
                {
                    "name": "Estrutura de \"latest\" válida",
                    "path": "::Estrutura de \"latest\" válida",
                    "id": "64b1bd6158a973fba7ae077402f0ced4",
                    "passes": 1,
                    "fails": 0
                }
            ]
    },
    "options": {
        "summaryTrendStats": [
            "avg",
            "min",
            "med",
            "max",
            "p(90)",
            "p(95)"
        ],
        "summaryTimeUnit": "",
        "noColor": false
    },
    "state": {
        "testRunDurationMs": 101.974281,
        "isStdOutTTY": true,
        "isStdErrTTY": true
    }
}