{
    "metrics": {
        "checks": {
            "type": "rate",
            "contains": "default",
            "values": {
                "rate": 1,
                "passes": 4,
                "fails": 0
            },
            "thresholds": {
                "rate==1.0": {
                    "ok": true
                }
            }
        },
        "http_req_connecting": {
            "values": {
                "avg": 0.27277399999999996,
                "min": 0.253077,
                "med": 0.27277399999999996,
                "max": 0.292471,
                "p(90)": 0.2885316,
                "p(95)": 0.29050129999999996
            },
            "type": "trend",
            "contains": "time"
        },
        "http_reqs": {
            "type": "counter",
            "contains": "default",
            "values": {
                "count": 2,
                "rate": 29.46568561059302
            }
        },
        "data_sent": {
            "type": "counter",
            "contains": "data",
            "values": {
                "count": 479,
                "rate": 7057.031703737029
            }
        },
        "http_req_tls_handshaking": {
            "type": "trend",
            "contains": "time",
            "values": {
                "avg": 0,
                "min": 0,
                "med": 0,
                "max": 0,
                "p(90)": 0,
                "p(95)": 0
            }
        },
        "iteration_duration": {
            "type": "trend",
            "contains": "time",
            "values": {
                "avg": 3.889262,
                "min": 3.889262,
                "med": 3.889262,
                "max": 3.889262,
                "p(90)": 3.889262,
                "p(95)": 3.889262
            }
        },
        "http_req_receiving": {
            "type": "trend",
            "contains": "time",
            "values": {
                "med": 0.08332600000000001,
                "max": 0.098985,
                "p(90)": 0.0958532,
                "p(95)": 0.09741910000000001,
                "avg": 0.08332600000000001,
                "min": 0.067667
            }
        },
        "http_req_waiting": {
            "type": "trend",
            "contains": "time",
            "values": {
                "avg": 32.779019500000004,
                "min": 3.078311,
                "med": 32.779019500000004,
                "max": 62.479728,
                "p(90)": 56.5395863,
                "p(95)": 59.509657149999995
            }
        },
        "http_req_duration": {
            "type": "trend",
            "contains": "time",
            "values": {
                "min": 3.184657,
                "med": 32.940594,
                "max": 62.696531,
                "p(90)": 56.7453436,
                "p(95)": 59.720937299999996,
                "avg": 32.940594
            }
        },
        "http_req_sending": {
            "type": "trend",
            "contains": "time",
            "values": {
                "avg": 0.0782485,
                "min": 0.038679,
                "med": 0.0782485,
                "max": 0.117818,
                "p(90)": 0.1099041,
                "p(95)": 0.11386105000000002
            }
        },
        "http_req_failed": {
            "type": "rate",
            "contains": "default",
            "values": {
                "rate": 0,
                "passes": 0,
                "fails": 2
            }
        },
        "http_req_blocked": {
            "type": "trend",
            "contains": "time",
            "values": {
                "med": 0.343472,
                "max": 0.376683,
                "p(90)": 0.3700408,
                "p(95)": 0.37336189999999997,
                "avg": 0.343472,
                "min": 0.310261
            }
        },
        "data_received": {
            "contains": "data",
            "values": {
                "count": 2533,
                "rate": 37318.29082581606
            },
            "type": "counter"
        },
        "iterations": {
            "type": "counter",
            "contains": "default",
            "values": {
                "rate": 14.73284280529651,
                "count": 1
            }
        },
        "http_req_duration{expected_response:true}": {
            "values": {
                "avg": 32.940594,
                "min": 3.184657,
                "med": 32.940594,
                "max": 62.696531,
                "p(90)": 56.7453436,
                "p(95)": 59.720937299999996
            },
            "type": "trend",
            "contains": "time"
        }
    },
    "setup_data": {
        "token": "*** TOKEN OCULTO ***"
    },
    "root_group": {
        "name": "",
        "path": "",
        "id": "d41d8cd98f00b204e9800998ecf8427e",
        "groups": [],
        "checks": [
                {
                    "path": "::Status é 200",
                    "id": "9fc2989e4f5bce205ffc0afd55836aea",
                    "passes": 1,
                    "fails": 0,
                    "name": "Status é 200"
                },
                {
                    "name": "Header Content-Type correto",
                    "path": "::Header Content-Type correto",
                    "id": "cbb48d7a48dce89eb2bb4c414b196516",
                    "passes": 1,
                    "fails": 0
                },
                {
                    "name": "Retornou lista de backups",
                    "path": "::Retornou lista de backups",
                    "id": "f9c7d8ad7a7804ab671e78057c540a6f",
                    "passes": 1,
                    "fails": 0
                },
                {
                    "name": "Estrutura de \"latest\" válida",
                    "path": "::Estrutura de \"latest\" válida",
                    "id": "64b1bd6158a973fba7ae077402f0ced4",
                    "passes": 1,
                    "fails": 0
                }
            ]
    },
    "options": {
        "summaryTrendStats": [
            "avg",
            "min",
            "med",
            "max",
            "p(90)",
            "p(95)"
        ],
        "summaryTimeUnit": "",
        "noColor": false
    },
    "state": {
        "isStdOutTTY": true,
        "isStdErrTTY": true,
        "testRunDurationMs": 67.875563
    }
}