{
    "state": {
        "isStdOutTTY": true,
        "isStdErrTTY": true,
        "testRunDurationMs": 246.969229
    },
    "metrics": {
        "http_req_failed": {
            "type": "rate",
            "contains": "default",
            "values": {
                "rate": 0,
                "passes": 0,
                "fails": 2
            }
        },
        "checks": {
            "type": "rate",
            "contains": "default",
            "values": {
                "rate": 0.5,
                "passes": 2,
                "fails": 2
            },
            "thresholds": {
                "rate>0.80": {
                    "ok": false
                }
            }
        },
        "http_req_blocked": {
            "type": "trend",
            "contains": "time",
            "values": {
                "min": 0.220908,
                "med": 0.297223,
                "max": 0.373538,
                "p(90)": 0.358275,
                "p(95)": 0.36590649999999997,
                "avg": 0.297223
            }
        },
        "data_received": {
            "contains": "data",
            "values": {
                "count": 2305,
                "rate": 9333.146519237018
            },
            "type": "counter"
        },
        "http_req_duration": {
            "values": {
                "p(95)": 154.67222685000002,
                "avg": 122.52899550000001,
                "min": 86.814294,
                "med": 122.52899550000001,
                "max": 158.243697,
                "p(90)": 151.1007567
            },
            "thresholds": {
                "p(95)<5000": {
                    "ok": true
                }
            },
            "type": "trend",
            "contains": "time"
        },
        "http_req_duration{expected_response:true}": {
            "type": "trend",
            "contains": "time",
            "values": {
                "avg": 122.52899550000001,
                "min": 86.814294,
                "med": 122.52899550000001,
                "max": 158.243697,
                "p(90)": 151.1007567,
                "p(95)": 154.67222685000002
            }
        },
        "http_req_connecting": {
            "type": "trend",
            "contains": "time",
            "values": {
                "p(95)": 0.20971875,
                "avg": 0.1764075,
                "min": 0.139395,
                "med": 0.1764075,
                "max": 0.21342,
                "p(90)": 0.20601750000000002
            }
        },
        "http_reqs": {
            "values": {
                "count": 2,
                "rate": 8.098174854001751
            },
            "type": "counter",
            "contains": "default"
        },
        "data_sent": {
            "type": "counter",
            "contains": "data",
            "values": {
                "count": 490,
                "rate": 1984.0528392304288
            }
        },
        "http_req_waiting": {
            "type": "trend",
            "contains": "time",
            "values": {
                "p(90)": 150.83351420000002,
                "p(95)": 154.4001451,
                "avg": 122.300467,
                "min": 86.634158,
                "med": 122.300467,
                "max": 157.966776
            }
        },
        "iteration_duration": {
            "type": "trend",
            "contains": "time",
            "values": {
                "med": 87.470911,
                "max": 87.470911,
                "p(90)": 87.470911,
                "p(95)": 87.470911,
                "avg": 87.470911,
                "min": 87.470911
            }
        },
        "iterations": {
            "type": "counter",
            "contains": "default",
            "values": {
                "count": 1,
                "rate": 4.049087427000876
            }
        },
        "http_req_tls_handshaking": {
            "type": "trend",
            "contains": "time",
            "values": {
                "min": 0,
                "med": 0,
                "max": 0,
                "p(90)": 0,
                "p(95)": 0,
                "avg": 0
            }
        },
        "http_req_sending": {
            "contains": "time",
            "values": {
                "med": 0.11577,
                "max": 0.162987,
                "p(90)": 0.1535436,
                "p(95)": 0.1582653,
                "avg": 0.11577,
                "min": 0.068553
            },
            "type": "trend"
        },
        "http_req_receiving": {
            "type": "trend",
            "contains": "time",
            "values": {
                "min": 0.111583,
                "med": 0.1127585,
                "max": 0.113934,
                "p(90)": 0.11369889999999999,
                "p(95)": 0.11381645,
                "avg": 0.1127585
            }
        }
    },
    "setup_data": {
        "token": "*** TOKEN OCULTO ***"
    },
    "root_group": {
        "path": "",
        "id": "d41d8cd98f00b204e9800998ecf8427e",
        "groups": [],
        "checks": [
                {
                    "name": "Status é 200",
                    "path": "::Status é 200",
                    "id": "9fc2989e4f5bce205ffc0afd55836aea",
                    "passes": 1,
                    "fails": 0
                },
                {
                    "name": "Resposta é JSON válido",
                    "path": "::Resposta é JSON válido",
                    "id": "e81c4143159b4b9c79bd64b505f55bbf",
                    "passes": 1,
                    "fails": 0
                },
                {
                    "fails": 1,
                    "name": "Retornou lista de backups",
                    "path": "::Retornou lista de backups",
                    "id": "f9c7d8ad7a7804ab671e78057c540a6f",
                    "passes": 0
                },
                {
                    "path": "::Estrutura de \"latest\" válida",
                    "id": "64b1bd6158a973fba7ae077402f0ced4",
                    "passes": 0,
                    "fails": 1,
                    "name": "Estrutura de \"latest\" válida"
                }
            ],
        "name": ""
    },
    "options": {
        "summaryTrendStats": [
            "avg",
            "min",
            "med",
            "max",
            "p(90)",
            "p(95)"
        ],
        "summaryTimeUnit": "",
        "noColor": false
    }
}