{
    "metrics": {
        "http_req_connecting": {
            "contains": "time",
            "values": {
                "avg": 0.20335,
                "min": 0.189657,
                "med": 0.20335,
                "max": 0.217043,
                "p(90)": 0.2143044,
                "p(95)": 0.21567370000000002
            },
            "type": "trend"
        },
        "http_req_waiting": {
            "contains": "time",
            "values": {
                "med": 75.5839275,
                "max": 147.830122,
                "p(90)": 133.3808831,
                "p(95)": 140.60550254999998,
                "avg": 75.58392749999999,
                "min": 3.337733
            },
            "type": "trend"
        },
        "checks": {
            "type": "rate",
            "contains": "default",
            "values": {
                "rate": 1,
                "passes": 4,
                "fails": 0
            },
            "thresholds": {
                "rate>0.80": {
                    "ok": true
                }
            }
        },
        "http_req_duration{expected_response:true}": {
            "values": {
                "max": 147.955683,
                "p(90)": 133.5076589,
                "p(95)": 140.73167095,
                "avg": 75.71556249999999,
                "min": 3.475442,
                "med": 75.7155625
            },
            "type": "trend",
            "contains": "time"
        },
        "http_req_tls_handshaking": {
            "type": "trend",
            "contains": "time",
            "values": {
                "p(90)": 0,
                "p(95)": 0,
                "avg": 0,
                "min": 0,
                "med": 0,
                "max": 0
            }
        },
        "data_received": {
            "values": {
                "count": 2305,
                "rate": 15064.4216430317
            },
            "type": "counter",
            "contains": "data"
        },
        "http_req_blocked": {
            "type": "trend",
            "contains": "time",
            "values": {
                "avg": 0.26652549999999997,
                "min": 0.22814,
                "med": 0.26652549999999997,
                "max": 0.304911,
                "p(90)": 0.2972339,
                "p(95)": 0.30107245
            }
        },
        "http_reqs": {
            "type": "counter",
            "contains": "default",
            "values": {
                "count": 2,
                "rate": 13.071081685927721
            }
        },
        "iteration_duration": {
            "type": "trend",
            "contains": "time",
            "values": {
                "max": 4.03205,
                "p(90)": 4.03205,
                "p(95)": 4.03205,
                "avg": 4.03205,
                "min": 4.03205,
                "med": 4.03205
            }
        },
        "http_req_sending": {
            "type": "trend",
            "contains": "time",
            "values": {
                "p(90)": 0.08206780000000001,
                "p(95)": 0.0831244,
                "avg": 0.073615,
                "min": 0.063049,
                "med": 0.073615,
                "max": 0.084181
            }
        },
        "http_req_receiving": {
            "type": "trend",
            "contains": "time",
            "values": {
                "p(90)": 0.0616136,
                "p(95)": 0.0620628,
                "avg": 0.05802,
                "min": 0.053528,
                "med": 0.05802,
                "max": 0.062512
            }
        },
        "http_req_duration": {
            "thresholds": {
                "p(95)<5000": {
                    "ok": true
                }
            },
            "type": "trend",
            "contains": "time",
            "values": {
                "avg": 75.71556249999999,
                "min": 3.475442,
                "med": 75.7155625,
                "max": 147.955683,
                "p(90)": 133.5076589,
                "p(95)": 140.73167095
            }
        },
        "http_req_failed": {
            "type": "rate",
            "contains": "default",
            "values": {
                "rate": 0,
                "passes": 0,
                "fails": 2
            }
        },
        "data_sent": {
            "type": "counter",
            "contains": "data",
            "values": {
                "count": 490,
                "rate": 3202.4150130522917
            }
        },
        "iterations": {
            "values": {
                "count": 1,
                "rate": 6.535540842963861
            },
            "type": "counter",
            "contains": "default"
        }
    },
    "setup_data": {
        "token": "*** TOKEN OCULTO ***"
    },
    "root_group": {
        "path": "",
        "id": "d41d8cd98f00b204e9800998ecf8427e",
        "groups": [],
        "checks": [
                {
                    "id": "9fc2989e4f5bce205ffc0afd55836aea",
                    "passes": 1,
                    "fails": 0,
                    "name": "Status é 200",
                    "path": "::Status é 200"
                },
                {
                    "name": "Resposta é JSON válido",
                    "path": "::Resposta é JSON válido",
                    "id": "e81c4143159b4b9c79bd64b505f55bbf",
                    "passes": 1,
                    "fails": 0
                },
                {
                    "fails": 0,
                    "name": "Retornou lista de backups",
                    "path": "::Retornou lista de backups",
                    "id": "f9c7d8ad7a7804ab671e78057c540a6f",
                    "passes": 1
                },
                {
                    "name": "Estrutura de \"latest\" válida",
                    "path": "::Estrutura de \"latest\" válida",
                    "id": "64b1bd6158a973fba7ae077402f0ced4",
                    "passes": 1,
                    "fails": 0
                }
            ],
        "name": ""
    },
    "options": {
        "summaryTrendStats": [
            "avg",
            "min",
            "med",
            "max",
            "p(90)",
            "p(95)"
        ],
        "summaryTimeUnit": "",
        "noColor": false
    },
    "state": {
        "isStdOutTTY": false,
        "isStdErrTTY": false,
        "testRunDurationMs": 153.009525
    }
}