{
    "metrics": {
        "iteration_duration": {
            "type": "trend",
            "contains": "time",
            "values": {
                "avg": 1009.6732340000001,
                "min": 1004.966302,
                "med": 1010.981285,
                "max": 1013.475266,
                "p(90)": 1012.9019664,
                "p(95)": 1013.1886162000001
            }
        },
        "http_req_sending": {
            "type": "trend",
            "contains": "time",
            "values": {
                "max": 0.063835,
                "p(90)": 0.062250200000000006,
                "p(95)": 0.0630426,
                "avg": 0.050272800000000006,
                "min": 0.038445,
                "med": 0.046477
            }
        },
        "http_req_tls_handshaking": {
            "type": "trend",
            "contains": "time",
            "values": {
                "avg": 0,
                "min": 0,
                "med": 0,
                "max": 0,
                "p(90)": 0,
                "p(95)": 0
            }
        },
        "http_req_duration{expected_response:true}": {
            "type": "trend",
            "contains": "time",
            "values": {
                "avg": 8.3632116,
                "min": 3.723109,
                "med": 9.896704,
                "max": 11.8022,
                "p(90)": 11.422032,
                "p(95)": 11.612115999999999
            }
        },
        "http_req_receiving": {
            "type": "trend",
            "contains": "time",
            "values": {
                "max": 0.403105,
                "p(90)": 0.35609820000000003,
                "p(95)": 0.3796016,
                "avg": 0.2332768,
                "min": 0.078802,
                "med": 0.271928
            }
        },
        "http_req_duration": {
            "type": "trend",
            "contains": "time",
            "values": {
                "avg": 8.3632116,
                "min": 3.723109,
                "med": 9.896704,
                "max": 11.8022,
                "p(90)": 11.422032,
                "p(95)": 11.612115999999999
            }
        },
        "vus": {
            "type": "gauge",
            "contains": "default",
            "values": {
                "max": 1,
                "value": 1,
                "min": 1
            }
        },
        "vus_max": {
            "contains": "default",
            "values": {
                "max": 1,
                "value": 1,
                "min": 1
            },
            "type": "gauge"
        },
        "http_reqs": {
            "type": "counter",
            "contains": "default",
            "values": {
                "count": 5,
                "rate": 0.9903235011387161
            }
        },
        "http_req_connecting": {
            "type": "trend",
            "contains": "time",
            "values": {
                "min": 0,
                "med": 0,
                "max": 0.145445,
                "p(90)": 0.08726700000000001,
                "p(95)": 0.11635599999999997,
                "avg": 0.029088999999999997
            }
        },
        "http_req_failed": {
            "type": "rate",
            "contains": "default",
            "values": {
                "rate": 0,
                "passes": 0,
                "fails": 5
            }
        },
        "http_req_blocked": {
            "type": "trend",
            "contains": "time",
            "values": {
                "p(95)": 0.17001019999999994,
                "avg": 0.05398440000000001,
                "min": 0.01178,
                "med": 0.014786,
                "max": 0.206938,
                "p(90)": 0.13308240000000002
            }
        },
        "checks": {
            "type": "rate",
            "contains": "default",
            "values": {
                "rate": 0.25,
                "passes": 5,
                "fails": 15
            }
        },
        "data_received": {
            "type": "counter",
            "contains": "data",
            "values": {
                "count": 39445,
                "rate": 7812.662100483331
            }
        },
        "iterations": {
            "values": {
                "rate": 0.9903235011387161,
                "count": 5
            },
            "type": "counter",
            "contains": "default"
        },
        "http_req_waiting": {
            "values": {
                "avg": 8.079662,
                "min": 3.532313,
                "med": 9.582042,
                "max": 11.456739,
                "p(90)": 11.0381354,
                "p(95)": 11.2474372
            },
            "type": "trend",
            "contains": "time"
        },
        "data_sent": {
            "type": "counter",
            "contains": "data",
            "values": {
                "rate": 78.23555658995858,
                "count": 395
            }
        }
    },
    "root_group": {
        "name": "",
        "path": "",
        "id": "d41d8cd98f00b204e9800998ecf8427e",
        "groups": [],
        "checks": [
                {
                    "name": "Status é 200",
                    "path": "::Status é 200",
                    "id": "9fc2989e4f5bce205ffc0afd55836aea",
                    "passes": 5,
                    "fails": 0
                },
                {
                    "name": "Header Cache-Control existe",
                    "path": "::Header Cache-Control existe",
                    "id": "a06825d2316ec99ce8a382db4d8e0de9",
                    "passes": 0,
                    "fails": 5
                },
                {
                    "passes": 0,
                    "fails": 5,
                    "name": "Cache-Control tem s-maxage",
                    "path": "::Cache-Control tem s-maxage",
                    "id": "144a9c0508875fdfe37518befd222d6a"
                },
                {
                    "id": "17204016634aea583610e7a9a9b51dce",
                    "passes": 0,
                    "fails": 5,
                    "name": "Cache-Control tem stale-while-revalidate",
                    "path": "::Cache-Control tem stale-while-revalidate"
                }
            ]
    },
    "options": {
        "summaryTimeUnit": "",
        "noColor": false,
        "summaryTrendStats": [
            "avg",
            "min",
            "med",
            "max",
            "p(90)",
            "p(95)"
        ]
    },
    "state": {
        "testRunDurationMs": 5048.855242,
        "isStdOutTTY": true,
        "isStdErrTTY": true
    }
}