{
    "metrics": {
        "http_req_connecting": {
            "values": {
                "avg": 0.07750320000000001,
                "min": 0,
                "med": 0,
                "max": 0.387516,
                "p(90)": 0.23250960000000004,
                "p(95)": 0.3100128
            },
            "type": "trend",
            "contains": "time"
        },
        "http_req_waiting": {
            "type": "trend",
            "contains": "time",
            "values": {
                "p(95)": 9.9426448,
                "avg": 7.750791199999999,
                "min": 4.751823,
                "med": 8.589884,
                "max": 10.241149,
                "p(90)": 9.6441406
            }
        },
        "vus": {
            "type": "gauge",
            "contains": "default",
            "values": {
                "value": 1,
                "min": 1,
                "max": 1
            }
        },
        "data_sent": {
            "type": "counter",
            "contains": "data",
            "values": {
                "count": 395,
                "rate": 78.27275519823056
            }
        },
        "iteration_duration": {
            "type": "trend",
            "contains": "time",
            "values": {
                "max": 1012.06969,
                "p(90)": 1011.1556744000001,
                "p(95)": 1011.6126822,
                "avg": 1009.1800792,
                "min": 1007.075625,
                "med": 1009.293051
            }
        },
        "iterations": {
            "type": "counter",
            "contains": "default",
            "values": {
                "count": 5,
                "rate": 0.990794369597855
            }
        },
        "http_reqs": {
            "type": "counter",
            "contains": "default",
            "values": {
                "count": 5,
                "rate": 0.990794369597855
            }
        },
        "http_req_receiving": {
            "type": "trend",
            "contains": "time",
            "values": {
                "p(90)": 0.27916300000000005,
                "p(95)": 0.321909,
                "avg": 0.1794324,
                "min": 0.106666,
                "med": 0.146207,
                "max": 0.364655
            }
        },
        "vus_max": {
            "type": "gauge",
            "contains": "default",
            "values": {
                "min": 1,
                "max": 1,
                "value": 1
            }
        },
        "http_req_blocked": {
            "type": "trend",
            "contains": "time",
            "values": {
                "avg": 0.11618739999999998,
                "min": 0.00593,
                "med": 0.011628,
                "max": 0.535202,
                "p(90)": 0.32864279999999996,
                "p(95)": 0.4319223999999998
            }
        },
        "http_req_tls_handshaking": {
            "type": "trend",
            "contains": "time",
            "values": {
                "min": 0,
                "med": 0,
                "max": 0,
                "p(90)": 0,
                "p(95)": 0,
                "avg": 0
            }
        },
        "http_req_duration": {
            "type": "trend",
            "contains": "time",
            "values": {
                "avg": 7.9801298,
                "min": 4.993677,
                "med": 8.770445,
                "max": 10.416152,
                "p(90)": 9.9123888,
                "p(95)": 10.1642704
            }
        },
        "http_req_failed": {
            "values": {
                "rate": 0,
                "passes": 0,
                "fails": 5
            },
            "type": "rate",
            "contains": "default"
        },
        "checks": {
            "type": "rate",
            "contains": "default",
            "values": {
                "passes": 5,
                "fails": 15,
                "rate": 0.25
            }
        },
        "http_req_sending": {
            "contains": "time",
            "values": {
                "med": 0.043461,
                "max": 0.090929,
                "p(90)": 0.07529820000000001,
                "p(95)": 0.08311359999999998,
                "avg": 0.0499062,
                "min": 0.028796
            },
            "type": "trend"
        },
        "data_received": {
            "type": "counter",
            "contains": "data",
            "values": {
                "count": 42630,
                "rate": 8447.512795191313
            }
        },
        "http_req_duration{expected_response:true}": {
            "type": "trend",
            "contains": "time",
            "values": {
                "p(90)": 9.9123888,
                "p(95)": 10.1642704,
                "avg": 7.9801298,
                "min": 4.993677,
                "med": 8.770445,
                "max": 10.416152
            }
        }
    },
    "root_group": {
        "id": "d41d8cd98f00b204e9800998ecf8427e",
        "groups": [],
        "checks": [
                {
                    "fails": 0,
                    "name": "Status é 200",
                    "path": "::Status é 200",
                    "id": "9fc2989e4f5bce205ffc0afd55836aea",
                    "passes": 5
                },
                {
                    "path": "::Header Cache-Control existe",
                    "id": "a06825d2316ec99ce8a382db4d8e0de9",
                    "passes": 0,
                    "fails": 5,
                    "name": "Header Cache-Control existe"
                },
                {
                    "name": "Cache-Control tem s-maxage",
                    "path": "::Cache-Control tem s-maxage",
                    "id": "144a9c0508875fdfe37518befd222d6a",
                    "passes": 0,
                    "fails": 5
                },
                {
                    "name": "Cache-Control tem stale-while-revalidate",
                    "path": "::Cache-Control tem stale-while-revalidate",
                    "id": "17204016634aea583610e7a9a9b51dce",
                    "passes": 0,
                    "fails": 5
                }
            ],
        "name": "",
        "path": ""
    },
    "options": {
        "summaryTrendStats": [
            "avg",
            "min",
            "med",
            "max",
            "p(90)",
            "p(95)"
        ],
        "summaryTimeUnit": "",
        "noColor": false
    },
    "state": {
        "isStdOutTTY": true,
        "isStdErrTTY": true,
        "testRunDurationMs": 5046.455807
    }
}