{
    "state": {
        "testRunDurationMs": 8710.329637,
        "isStdOutTTY": false,
        "isStdErrTTY": false
    },
    "metrics": {
        "iterations": {
            "contains": "default",
            "values": {
                "count": 5,
                "rate": 0.5740310881876215
            },
            "type": "counter"
        },
        "http_req_receiving": {
            "type": "trend",
            "contains": "time",
            "values": {
                "avg": 0.172996,
                "min": 0.087906,
                "med": 0.153426,
                "max": 0.268983,
                "p(90)": 0.25440860000000004,
                "p(95)": 0.26169580000000003
            }
        },
        "http_req_sending": {
            "contains": "time",
            "values": {
                "max": 0.180153,
                "p(90)": 0.13570500000000002,
                "p(95)": 0.15792899999999999,
                "avg": 0.0808874,
                "min": 0.03387,
                "med": 0.065233
            },
            "type": "trend"
        },
        "iteration_duration": {
            "type": "trend",
            "contains": "time",
            "values": {
                "med": 1839.692202,
                "max": 2412.736962,
                "p(90)": 2215.03299,
                "p(95)": 2313.884976,
                "avg": 1741.9529028000002,
                "min": 853.476785
            }
        },
        "http_req_connecting": {
            "type": "trend",
            "contains": "time",
            "values": {
                "min": 0,
                "med": 0,
                "max": 0.167621,
                "p(90)": 0.10057260000000001,
                "p(95)": 0.13409679999999996,
                "avg": 0.0335242
            }
        },
        "checks": {
            "values": {
                "rate": 1,
                "passes": 20,
                "fails": 0
            },
            "thresholds": {
                "rate==1.0": {
                    "ok": true
                }
            },
            "type": "rate",
            "contains": "default"
        },
        "http_req_tls_handshaking": {
            "contains": "time",
            "values": {
                "max": 0,
                "p(90)": 0,
                "p(95)": 0,
                "avg": 0,
                "min": 0,
                "med": 0
            },
            "type": "trend"
        },
        "vus": {
            "type": "gauge",
            "contains": "default",
            "values": {
                "value": 1,
                "min": 1,
                "max": 1
            }
        },
        "http_req_waiting": {
            "type": "trend",
            "contains": "time",
            "values": {
                "avg": 55.394904200000006,
                "min": 10.526631,
                "med": 14.961471,
                "max": 221.628834,
                "p(90)": 139.25794320000003,
                "p(95)": 180.44338859999996
            }
        },
        "http_req_duration": {
            "type": "trend",
            "contains": "time",
            "values": {
                "avg": 55.64878759999999,
                "min": 10.860847,
                "med": 15.171045,
                "max": 221.930414,
                "p(90)": 139.55979960000002,
                "p(95)": 180.74510679999997
            },
            "thresholds": {
                "p(95)<2000": {
                    "ok": true
                }
            }
        },
        "http_req_blocked": {
            "type": "trend",
            "contains": "time",
            "values": {
                "med": 0.018064,
                "max": 0.265018,
                "p(90)": 0.1671812,
                "p(95)": 0.21609959999999995,
                "avg": 0.06659,
                "min": 0.011381
            }
        },
        "http_req_failed": {
            "type": "rate",
            "contains": "default",
            "values": {
                "rate": 0,
                "passes": 0,
                "fails": 5
            }
        },
        "data_received": {
            "type": "counter",
            "contains": "data",
            "values": {
                "count": 46260,
                "rate": 5310.935627911875
            }
        },
        "http_req_duration{expected_response:true}": {
            "type": "trend",
            "contains": "time",
            "values": {
                "avg": 55.64878759999999,
                "min": 10.860847,
                "med": 15.171045,
                "max": 221.930414,
                "p(90)": 139.55979960000002,
                "p(95)": 180.74510679999997
            }
        },
        "data_sent": {
            "type": "counter",
            "contains": "data",
            "values": {
                "count": 395,
                "rate": 45.3484559668221
            }
        },
        "http_reqs": {
            "type": "counter",
            "contains": "default",
            "values": {
                "count": 5,
                "rate": 0.5740310881876215
            }
        },
        "vus_max": {
            "type": "gauge",
            "contains": "default",
            "values": {
                "value": 1,
                "min": 1,
                "max": 1
            }
        }
    },
    "root_group": {
        "name": "",
        "path": "",
        "id": "d41d8cd98f00b204e9800998ecf8427e",
        "groups": [],
        "checks": [
                {
                    "name": "Status é 200",
                    "path": "::Status é 200",
                    "id": "9fc2989e4f5bce205ffc0afd55836aea",
                    "passes": 5,
                    "fails": 0
                },
                {
                    "name": "Header Cache-Control existe",
                    "path": "::Header Cache-Control existe",
                    "id": "a06825d2316ec99ce8a382db4d8e0de9",
                    "passes": 5,
                    "fails": 0
                },
                {
                    "name": "Cache-Control tem s-maxage",
                    "path": "::Cache-Control tem s-maxage",
                    "id": "144a9c0508875fdfe37518befd222d6a",
                    "passes": 5,
                    "fails": 0
                },
                {
                    "name": "Cache-Control tem stale-while-revalidate",
                    "path": "::Cache-Control tem stale-while-revalidate",
                    "id": "17204016634aea583610e7a9a9b51dce",
                    "passes": 5,
                    "fails": 0
                }
            ]
    },
    "options": {
        "summaryTrendStats": [
            "avg",
            "min",
            "med",
            "max",
            "p(90)",
            "p(95)"
        ],
        "summaryTimeUnit": "",
        "noColor": false
    }
}