{
    "state": {
        "isStdOutTTY": false,
        "isStdErrTTY": false,
        "testRunDurationMs": 10044.166197
    },
    "metrics": {
        "http_req_tls_handshaking": {
            "type": "trend",
            "contains": "time",
            "values": {
                "p(95)": 0,
                "avg": 0,
                "min": 0,
                "med": 0,
                "max": 0,
                "p(90)": 0
            }
        },
        "data_received": {
            "values": {
                "count": 46260,
                "rate": 4605.658557682666
            },
            "type": "counter",
            "contains": "data"
        },
        "http_reqs": {
            "type": "counter",
            "contains": "default",
            "values": {
                "count": 5,
                "rate": 0.49780140052774163
            }
        },
        "http_req_receiving": {
            "type": "trend",
            "contains": "time",
            "values": {
                "avg": 0.2092784,
                "min": 0.114012,
                "med": 0.206404,
                "max": 0.347925,
                "p(90)": 0.2929626,
                "p(95)": 0.32044379999999995
            }
        },
        "http_req_waiting": {
            "type": "trend",
            "contains": "time",
            "values": {
                "avg": 51.198069,
                "min": 25.32599,
                "med": 25.768506,
                "max": 150.758085,
                "p(90)": 101.86745780000001,
                "p(95)": 126.31277139999997
            }
        },
        "http_req_blocked": {
            "values": {
                "med": 0.014376,
                "max": 0.208309,
                "p(90)": 0.13223500000000002,
                "p(95)": 0.17027199999999995,
                "avg": 0.0532694,
                "min": 0.011997
            },
            "type": "trend",
            "contains": "time"
        },
        "iteration_duration": {
            "type": "trend",
            "contains": "time",
            "values": {
                "avg": 2008.7401428,
                "min": 806.949229,
                "med": 2637.363316,
                "max": 2897.362218,
                "p(90)": 2877.620766,
                "p(95)": 2887.491492
            }
        },
        "vus": {
            "contains": "default",
            "values": {
                "value": 1,
                "min": 1,
                "max": 1
            },
            "type": "gauge"
        },
        "data_sent": {
            "contains": "data",
            "values": {
                "count": 395,
                "rate": 39.32631064169159
            },
            "type": "counter"
        },
        "iterations": {
            "values": {
                "count": 5,
                "rate": 0.49780140052774163
            },
            "type": "counter",
            "contains": "default"
        },
        "http_req_connecting": {
            "contains": "time",
            "values": {
                "p(95)": 0.10190079999999997,
                "avg": 0.025475199999999996,
                "min": 0,
                "med": 0,
                "max": 0.127376,
                "p(90)": 0.07642560000000001
            },
            "type": "trend"
        },
        "http_req_duration": {
            "type": "trend",
            "contains": "time",
            "values": {
                "p(90)": 102.1100638,
                "p(95)": 126.56722439999996,
                "avg": 51.46009360000001,
                "min": 25.58387,
                "med": 26.016925,
                "max": 151.024385
            },
            "thresholds": {
                "p(95)<2000": {
                    "ok": true
                }
            }
        },
        "http_req_failed": {
            "type": "rate",
            "contains": "default",
            "values": {
                "rate": 0,
                "passes": 0,
                "fails": 5
            }
        },
        "http_req_duration{expected_response:true}": {
            "type": "trend",
            "contains": "time",
            "values": {
                "p(90)": 102.1100638,
                "p(95)": 126.56722439999996,
                "avg": 51.46009360000001,
                "min": 25.58387,
                "med": 26.016925,
                "max": 151.024385
            }
        },
        "http_req_sending": {
            "type": "trend",
            "contains": "time",
            "values": {
                "p(90)": 0.0599642,
                "p(95)": 0.0613586,
                "avg": 0.0527462,
                "min": 0.039533,
                "med": 0.054188,
                "max": 0.062753
            }
        },
        "vus_max": {
            "type": "gauge",
            "contains": "default",
            "values": {
                "value": 1,
                "min": 1,
                "max": 1
            }
        },
        "checks": {
            "type": "rate",
            "contains": "default",
            "values": {
                "rate": 1,
                "passes": 20,
                "fails": 0
            },
            "thresholds": {
                "rate==1.0": {
                    "ok": true
                }
            }
        }
    },
    "root_group": {
        "name": "",
        "path": "",
        "id": "d41d8cd98f00b204e9800998ecf8427e",
        "groups": [],
        "checks": [
                {
                    "name": "Status é 200",
                    "path": "::Status é 200",
                    "id": "9fc2989e4f5bce205ffc0afd55836aea",
                    "passes": 5,
                    "fails": 0
                },
                {
                    "name": "Header Cache-Control existe",
                    "path": "::Header Cache-Control existe",
                    "id": "a06825d2316ec99ce8a382db4d8e0de9",
                    "passes": 5,
                    "fails": 0
                },
                {
                    "name": "Cache-Control tem s-maxage",
                    "path": "::Cache-Control tem s-maxage",
                    "id": "144a9c0508875fdfe37518befd222d6a",
                    "passes": 5,
                    "fails": 0
                },
                {
                    "name": "Cache-Control tem stale-while-revalidate",
                    "path": "::Cache-Control tem stale-while-revalidate",
                    "id": "17204016634aea583610e7a9a9b51dce",
                    "passes": 5,
                    "fails": 0
                }
            ]
    },
    "options": {
        "noColor": false,
        "summaryTrendStats": [
            "avg",
            "min",
            "med",
            "max",
            "p(90)",
            "p(95)"
        ],
        "summaryTimeUnit": ""
    }
}