{
    "state": {
        "isStdOutTTY": true,
        "isStdErrTTY": true,
        "testRunDurationMs": 5046.7275
    },
    "metrics": {
        "iteration_duration": {
            "type": "trend",
            "contains": "time",
            "values": {
                "med": 1008.548221,
                "max": 1011.976346,
                "p(90)": 1011.6237472,
                "p(95)": 1011.8000466,
                "avg": 1009.2512323999999,
                "min": 1006.419523
            }
        },
        "http_req_duration{expected_response:true}": {
            "type": "trend",
            "contains": "time",
            "values": {
                "avg": 8.1552122,
                "min": 4.577822,
                "med": 7.633984,
                "max": 10.884144,
                "p(90)": 10.574596399999999,
                "p(95)": 10.729370199999998
            }
        },
        "checks": {
            "values": {
                "rate": 0.25,
                "passes": 5,
                "fails": 15
            },
            "type": "rate",
            "contains": "default"
        },
        "http_req_duration": {
            "type": "trend",
            "contains": "time",
            "values": {
                "max": 10.884144,
                "p(90)": 10.574596399999999,
                "p(95)": 10.729370199999998,
                "avg": 8.1552122,
                "min": 4.577822,
                "med": 7.633984
            }
        },
        "http_req_blocked": {
            "type": "trend",
            "contains": "time",
            "values": {
                "med": 0.016215,
                "max": 0.294021,
                "p(90)": 0.18301140000000002,
                "p(95)": 0.23851619999999996,
                "avg": 0.06990859999999999,
                "min": 0.006728
            }
        },
        "http_req_receiving": {
            "contains": "time",
            "values": {
                "med": 0.165658,
                "max": 0.532348,
                "p(90)": 0.41859520000000006,
                "p(95)": 0.4754716,
                "avg": 0.2336258,
                "min": 0.078272
            },
            "type": "trend"
        },
        "iterations": {
            "type": "counter",
            "contains": "default",
            "values": {
                "count": 5,
                "rate": 0.9907410297068744
            }
        },
        "http_reqs": {
            "contains": "default",
            "values": {
                "count": 5,
                "rate": 0.9907410297068744
            },
            "type": "counter"
        },
        "http_req_failed": {
            "type": "rate",
            "contains": "default",
            "values": {
                "rate": 0,
                "passes": 0,
                "fails": 5
            }
        },
        "http_req_connecting": {
            "type": "trend",
            "contains": "time",
            "values": {
                "p(95)": 0.13508399999999998,
                "avg": 0.033771,
                "min": 0,
                "med": 0,
                "max": 0.168855,
                "p(90)": 0.10131300000000001
            }
        },
        "http_req_tls_handshaking": {
            "type": "trend",
            "contains": "time",
            "values": {
                "p(95)": 0,
                "avg": 0,
                "min": 0,
                "med": 0,
                "max": 0,
                "p(90)": 0
            }
        },
        "vus": {
            "type": "gauge",
            "contains": "default",
            "values": {
                "value": 1,
                "min": 1,
                "max": 1
            }
        },
        "vus_max": {
            "type": "gauge",
            "contains": "default",
            "values": {
                "value": 1,
                "min": 1,
                "max": 1
            }
        },
        "http_req_waiting": {
            "values": {
                "min": 4.342375,
                "med": 7.510586,
                "max": 10.305672,
                "p(90)": 10.1109288,
                "p(95)": 10.208300399999999,
                "avg": 7.8715611999999995
            },
            "type": "trend",
            "contains": "time"
        },
        "data_received": {
            "type": "counter",
            "contains": "data",
            "values": {
                "count": 42630,
                "rate": 8447.05801928081
            }
        },
        "data_sent": {
            "type": "counter",
            "contains": "data",
            "values": {
                "count": 395,
                "rate": 78.26854134684308
            }
        },
        "http_req_sending": {
            "type": "trend",
            "contains": "time",
            "values": {
                "p(90)": 0.0733868,
                "p(95)": 0.0824744,
                "avg": 0.050025200000000006,
                "min": 0.023819,
                "med": 0.045126,
                "max": 0.091562
            }
        }
    },
    "root_group": {
        "path": "",
        "id": "d41d8cd98f00b204e9800998ecf8427e",
        "groups": [],
        "checks": [
                {
                    "passes": 5,
                    "fails": 0,
                    "name": "Status é 200",
                    "path": "::Status é 200",
                    "id": "9fc2989e4f5bce205ffc0afd55836aea"
                },
                {
                    "fails": 5,
                    "name": "Header Cache-Control existe",
                    "path": "::Header Cache-Control existe",
                    "id": "a06825d2316ec99ce8a382db4d8e0de9",
                    "passes": 0
                },
                {
                    "passes": 0,
                    "fails": 5,
                    "name": "Cache-Control tem s-maxage",
                    "path": "::Cache-Control tem s-maxage",
                    "id": "144a9c0508875fdfe37518befd222d6a"
                },
                {
                    "fails": 5,
                    "name": "Cache-Control tem stale-while-revalidate",
                    "path": "::Cache-Control tem stale-while-revalidate",
                    "id": "17204016634aea583610e7a9a9b51dce",
                    "passes": 0
                }
            ],
        "name": ""
    },
    "options": {
        "summaryTrendStats": [
            "avg",
            "min",
            "med",
            "max",
            "p(90)",
            "p(95)"
        ],
        "summaryTimeUnit": "",
        "noColor": false
    }
}