{
    "metrics": {
        "http_req_receiving": {
            "type": "trend",
            "contains": "time",
            "values": {
                "avg": 0.1714957222222222,
                "min": 0.069115,
                "med": 0.1646465,
                "max": 0.470981,
                "p(90)": 0.2722572,
                "p(95)": 0.27894905000000003
            }
        },
        "vus": {
            "type": "gauge",
            "contains": "default",
            "values": {
                "value": 1,
                "min": 1,
                "max": 3
            }
        },
        "http_reqs": {
            "values": {
                "count": 72,
                "rate": 1.923230125616186
            },
            "type": "counter",
            "contains": "default"
        },
        "http_req_blocked": {
            "values": {
                "p(90)": 0.026483299999999994,
                "p(95)": 0.3379039500000006,
                "avg": 0.04977906944444444,
                "min": 0.005051,
                "med": 0.016463,
                "max": 0.680726
            },
            "type": "trend",
            "contains": "time"
        },
        "vus_max": {
            "type": "gauge",
            "contains": "default",
            "values": {
                "value": 3,
                "min": 3,
                "max": 3
            }
        },
        "http_req_sending": {
            "type": "trend",
            "contains": "time",
            "values": {
                "med": 0.06934799999999999,
                "max": 0.375988,
                "p(90)": 0.1174939,
                "p(95)": 0.12770900000000002,
                "avg": 0.08112794444444446,
                "min": 0.032802
            }
        },
        "iteration_duration": {
            "type": "trend",
            "contains": "time",
            "values": {
                "avg": 4044.079471652174,
                "min": 4038.600472,
                "med": 4043.676625,
                "max": 4049.633497,
                "p(90)": 4047.8701016,
                "p(95)": 4048.9230507
            }
        },
        "http_req_duration{flow:delete_video}": {
            "values": {
                "avg": 12.855806391304347,
                "min": 10.205674,
                "med": 12.953951,
                "max": 16.789478,
                "p(90)": 14.466133000000001,
                "p(95)": 14.565869300000001
            },
            "thresholds": {
                "p(95)<500": {
                    "ok": true
                }
            },
            "type": "trend",
            "contains": "time"
        },
        "http_req_waiting": {
            "type": "trend",
            "contains": "time",
            "values": {
                "p(90)": 15.5357778,
                "p(95)": 16.067650850000003,
                "avg": 13.884558333333336,
                "min": 7.350012,
                "med": 13.626999000000001,
                "max": 67.716658
            }
        },
        "iterations": {
            "values": {
                "rate": 0.6143651790162816,
                "count": 23
            },
            "type": "counter",
            "contains": "default"
        },
        "checks": {
            "type": "rate",
            "contains": "default",
            "values": {
                "rate": 1,
                "passes": 92,
                "fails": 0
            }
        },
        "http_req_failed": {
            "type": "rate",
            "contains": "default",
            "values": {
                "rate": 0,
                "passes": 0,
                "fails": 72
            }
        },
        "http_req_connecting": {
            "contains": "time",
            "values": {
                "med": 0,
                "max": 0.488163,
                "p(90)": 0,
                "p(95)": 0.2435040500000003,
                "avg": 0.02462073611111111,
                "min": 0
            },
            "type": "trend"
        },
        "http_req_duration{flow:create_video}": {
            "type": "trend",
            "contains": "time",
            "values": {
                "avg": 14.449085391304349,
                "min": 9.297859,
                "med": 14.665812,
                "max": 16.918219,
                "p(90)": 15.9480082,
                "p(95)": 16.640171199999997
            },
            "thresholds": {
                "p(95)<800": {
                    "ok": true
                }
            }
        },
        "http_req_duration{expected_response:true}": {
            "type": "trend",
            "contains": "time",
            "values": {
                "avg": 14.137181999999994,
                "min": 7.557299,
                "med": 13.9803635,
                "max": 67.877852,
                "p(90)": 15.8407318,
                "p(95)": 16.37935235
            }
        },
        "checks{flow:update_video}": {
            "type": "rate",
            "contains": "default",
            "values": {
                "fails": 0,
                "rate": 1,
                "passes": 23
            },
            "thresholds": {
                "rate>0.98": {
                    "ok": true
                }
            }
        },
        "data_sent": {
            "type": "counter",
            "contains": "data",
            "values": {
                "count": 32097,
                "rate": 857.3599630819822
            }
        },
        "http_req_duration{flow:update_video}": {
            "values": {
                "p(90)": 15.756841000000001,
                "p(95)": 15.925507000000001,
                "avg": 13.047087652173913,
                "min": 7.557299,
                "med": 13.335626,
                "max": 16.107659
            },
            "thresholds": {
                "p(95)<600": {
                    "ok": true
                }
            },
            "type": "trend",
            "contains": "time"
        },
        "checks{flow:create_video}": {
            "type": "rate",
            "contains": "default",
            "values": {
                "rate": 1,
                "passes": 46,
                "fails": 0
            },
            "thresholds": {
                "rate>0.98": {
                    "ok": true
                }
            }
        },
        "checks{flow:delete_video}": {
            "type": "rate",
            "contains": "default",
            "values": {
                "rate": 1,
                "passes": 23,
                "fails": 0
            },
            "thresholds": {
                "rate>0.98": {
                    "ok": true
                }
            }
        },
        "http_req_duration": {
            "type": "trend",
            "contains": "time",
            "values": {
                "p(95)": 16.37935235,
                "avg": 14.137181999999994,
                "min": 7.557299,
                "med": 13.9803635,
                "max": 67.877852,
                "p(90)": 15.8407318
            }
        },
        "http_req_tls_handshaking": {
            "type": "trend",
            "contains": "time",
            "values": {
                "max": 0,
                "p(90)": 0,
                "p(95)": 0,
                "avg": 0,
                "min": 0,
                "med": 0
            }
        },
        "data_received": {
            "values": {
                "count": 46554,
                "rate": 1243.5285453879987
            },
            "type": "counter",
            "contains": "data"
        }
    },
    "setup_data": {
        "token": "*** TOKEN OCULTO ***"
    },
    "root_group": {
        "id": "d41d8cd98f00b204e9800998ecf8427e",
        "groups": [],
        "checks": [
                {
                    "name": "CREATE: status é 201",
                    "path": "::CREATE: status é 201",
                    "id": "8fab2354712d8008b743e856eb39bce8",
                    "passes": 23,