{
    "state": {
        "isStdOutTTY": true,
        "isStdErrTTY": true,
        "testRunDurationMs": 50001.419655
    },
    "metrics": {
        "data_received": {
            "type": "counter",
            "contains": "data",
            "values": {
                "count": 401352875,
                "rate": 8026829.593424671
            }
        },
        "http_req_blocked": {
            "type": "trend",
            "contains": "time",
            "values": {
                "min": 0.000655,
                "med": 0.002803,
                "max": 8.08156,
                "p(90)": 0.004562599999999999,
                "p(95)": 0.005566599999999991,
                "avg": 0.005498853562653579
            }
        },
        "http_req_tls_handshaking": {
            "contains": "time",
            "values": {
                "p(90)": 0,
                "p(95)": 0,
                "avg": 0,
                "min": 0,
                "med": 0,
                "max": 0
            },
            "type": "trend"
        },
        "http_reqs": {
            "type": "counter",
            "contains": "default",
            "values": {
                "count": 50875,
                "rate": 1017.4711108410028
            }
        },
        "http_req_receiving": {
            "type": "trend",
            "contains": "time",
            "values": {
                "max": 6.174613,
                "p(90)": 0.0804338,
                "p(95)": 0.09396869999999996,
                "avg": 0.05150997079115418,
                "min": 0.014087,
                "med": 0.045706
            }
        },
        "http_req_duration": {
            "contains": "time",
            "values": {
                "p(95)": 464.0738983,
                "avg": 236.7754857167556,
                "min": 1.546652,
                "med": 233.82336,
                "max": 502.691822,
                "p(90)": 441.0686556
            },
            "type": "trend"
        },
        "http_req_duration{expected_response:true}": {
            "type": "trend",
            "contains": "time",
            "values": {
                "max": 502.691822,
                "p(90)": 441.0686556,
                "p(95)": 464.0738983,
                "avg": 236.7754857167556,
                "min": 1.546652,
                "med": 233.82336
            }
        },
        "http_req_connecting": {
            "contains": "time",
            "values": {
                "min": 0,
                "med": 0,
                "max": 8.014962,
                "p(90)": 0,
                "p(95)": 0,
                "avg": 0.001819010083538081
            },
            "type": "trend"
        },
        "http_req_waiting": {
            "type": "trend",
            "contains": "time",
            "values": {
                "p(90)": 441.0044742,
                "p(95)": 463.9953056,
                "avg": 236.71252841242082,
                "min": 1.477472,
                "med": 233.755791,
                "max": 502.6466
            }
        },
        "vus_max": {
            "type": "gauge",
            "contains": "default",
            "values": {
                "value": 500,
                "min": 500,
                "max": 500
            }
        },
        "iteration_duration": {
            "type": "trend",
            "contains": "time",
            "values": {
                "p(90)": 441.2061976,
                "p(95)": 464.18743320000004,
                "avg": 236.8880548532271,
                "min": 1.669807,
                "med": 233.937457,
                "max": 502.785412
            }
        },
        "checks": {
            "type": "rate",
            "contains": "default",
            "values": {
                "rate": 0.3333333333333333,
                "passes": 50875,
                "fails": 101750
            }
        },
        "vus": {
            "type": "gauge",
            "contains": "default",
            "values": {
                "value": 4,
                "min": 4,
                "max": 499
            }
        },
        "data_sent": {
            "values": {
                "count": 5693622,
                "rate": 113869.20690022156
            },
            "type": "counter",
            "contains": "data"
        },
        "http_req_failed": {
            "thresholds": {
                "rate<0.5": {
                    "ok": true
                }
            },
            "type": "rate",
            "contains": "default",
            "values": {
                "passes": 0,
                "fails": 50875,
                "rate": 0
            }
        },
        "http_req_sending": {
            "type": "trend",
            "contains": "time",
            "values": {
                "avg": 0.011447333542997606,
                "min": 0.002638,
                "med": 0.010289,
                "max": 5.189461,
                "p(90)": 0.016564,
                "p(95)": 0.01921459999999999
            }
        },
        "errors_500": {
            "type": "rate",
            "contains": "default",
            "values": {
                "rate": 0,
                "passes": 0,
                "fails": 50875
            },
            "thresholds": {
                "rate<0.10": {
                    "ok": true
                }
            }
        },
        "iterations": {
            "type": "counter",
            "contains": "default",
            "values": {
                "count": 50875,
                "rate": 1017.4711108410028
            }
        }
    },
    "root_group": {
        "name": "",
        "path": "",
        "id": "d41d8cd98f00b204e9800998ecf8427e",
        "groups": [],
        "checks": [
                {
                    "name": "status 200 (Servidor Resistiu)",
                    "path": "::status 200 (Servidor Resistiu)",
                    "id": "33477c3165522d945b97da23ac758b54",
                    "passes": 50875,
                    "fails": 0
                },
                {
                    "path": "::status 429 (Rate Limit Atuou)",
                    "id": "c0b2738a91b5302b3cd3b98e16f91662",
                    "passes": 0,
                    "fails": 50875,
                    "name": "status 429 (Rate Limit Atuou)"
                },
                {
                    "name": "status 5xx (Servidor Caiu)",
                    "path": "::status 5xx (Servidor Caiu)",
                    "id": "173bdf9c57db8fd3ad09981bf036ccd4",
                    "passes": 0,
                    "fails": 50875
                }
            ]
    },
    "options": {
        "summaryTrendStats": [
            "avg",
            "min",
            "med",
            "max",
            "p(90)",
            "p(95)"
        ],
        "summaryTimeUnit": "",
        "noColor": false
    }
}