{
    "state": {
        "isStdOutTTY": true,
        "isStdErrTTY": true,
        "testRunDurationMs": 50003.261019
    },
    "metrics": {
        "http_req_waiting": {
            "type": "trend",
            "contains": "time",
            "values": {
                "med": 307.553445,
                "max": 742.442942,
                "p(90)": 577.6120139999999,
                "p(95)": 612.4435136000001,
                "avg": 312.06958237884584,
                "min": 1.811892
            }
        },
        "http_req_receiving": {
            "type": "trend",
            "contains": "time",
            "values": {
                "p(90)": 0.11009980000000001,
                "p(95)": 0.14074859999999995,
                "avg": 0.06802346056341639,
                "min": 0.014633,
                "med": 0.055814,
                "max": 1.822805
            }
        },
        "http_req_sending": {
            "type": "trend",
            "contains": "time",
            "values": {
                "max": 3.519095,
                "p(90)": 0.022962600000000003,
                "p(95)": 0.0309552,
                "avg": 0.01481950102180721,
                "min": 0.002501,
                "med": 0.01264
            }
        },
        "data_received": {
            "type": "counter",
            "contains": "data",
            "values": {
                "count": 304965073,
                "rate": 6098903.687183939
            }
        },
        "http_req_blocked": {
            "values": {
                "avg": 0.008249372972553471,
                "min": 0.000677,
                "med": 0.003184,
                "max": 9.933133,
                "p(90)": 0.006217,
                "p(95)": 0.008755799999999989
            },
            "type": "trend",
            "contains": "time"
        },
        "http_req_connecting": {
            "values": {
                "avg": 0.0033773805779030988,
                "min": 0,
                "med": 0,
                "max": 9.745522,
                "p(90)": 0,
                "p(95)": 0
            },
            "type": "trend",
            "contains": "time"
        },
        "checks": {
            "type": "rate",
            "contains": "default",
            "values": {
                "rate": 0.3333333333333333,
                "passes": 38657,
                "fails": 77314
            }
        },
        "http_reqs": {
            "contains": "default",
            "values": {
                "count": 38657,
                "rate": 773.0895788038964
            },
            "type": "counter"
        },
        "vus_max": {
            "type": "gauge",
            "contains": "default",
            "values": {
                "value": 500,
                "min": 500,
                "max": 500
            }
        },
        "http_req_tls_handshaking": {
            "type": "trend",
            "contains": "time",
            "values": {
                "avg": 0,
                "min": 0,
                "med": 0,
                "max": 0,
                "p(90)": 0,
                "p(95)": 0
            }
        },
        "vus": {
            "type": "gauge",
            "contains": "default",
            "values": {
                "min": 4,
                "max": 499,
                "value": 4
            }
        },
        "http_req_failed": {
            "thresholds": {
                "rate<0.5": {
                    "ok": true
                }
            },
            "type": "rate",
            "contains": "default",
            "values": {
                "fails": 38657,
                "rate": 0,
                "passes": 0
            }
        },
        "data_sent": {
            "type": "counter",
            "contains": "data",
            "values": {
                "rate": 86564.27424513931,
                "count": 4328496
            }
        },
        "iteration_duration": {
            "type": "trend",
            "contains": "time",
            "values": {
                "med": 307.736166,
                "max": 743.051717,
                "p(90)": 577.8811612000001,
                "p(95)": 612.7241576,
                "avg": 312.3009972341371,
                "min": 1.976833
            }
        },
        "iterations": {
            "type": "counter",
            "contains": "default",
            "values": {
                "count": 38657,
                "rate": 773.0895788038964
            }
        },
        "http_req_duration": {
            "type": "trend",
            "contains": "time",
            "values": {
                "p(95)": 612.5480334,
                "avg": 312.15242534043006,
                "min": 1.871908,
                "med": 307.600601,
                "max": 742.538527,
                "p(90)": 577.7133958000001
            }
        },
        "http_req_duration{expected_response:true}": {
            "type": "trend",
            "contains": "time",
            "values": {
                "med": 307.600601,
                "max": 742.538527,
                "p(90)": 577.7133958000001,
                "p(95)": 612.5480334,
                "avg": 312.15242534043006,
                "min": 1.871908
            }
        },
        "errors_500": {
            "thresholds": {
                "rate<0.10": {
                    "ok": true
                }
            },
            "type": "rate",
            "contains": "default",
            "values": {
                "rate": 0,
                "passes": 0,
                "fails": 38657
            }
        }
    },
    "root_group": {
        "id": "d41d8cd98f00b204e9800998ecf8427e",
        "groups": [],
        "checks": [
                {
                    "name": "status 200 (Servidor Resistiu)",
                    "path": "::status 200 (Servidor Resistiu)",
                    "id": "33477c3165522d945b97da23ac758b54",
                    "passes": 38657,
                    "fails": 0
                },
                {
                    "name": "status 429 (Rate Limit Atuou)",
                    "path": "::status 429 (Rate Limit Atuou)",
                    "id": "c0b2738a91b5302b3cd3b98e16f91662",
                    "passes": 0,
                    "fails": 38657
                },
                {
                    "passes": 0,
                    "fails": 38657,
                    "name": "status 5xx (Servidor Caiu)",
                    "path": "::status 5xx (Servidor Caiu)",
                    "id": "173bdf9c57db8fd3ad09981bf036ccd4"
                }
            ],
        "name": "",
        "path": ""
    },
    "options": {
        "summaryTrendStats": [
            "avg",
            "min",
            "med",
            "max",
            "p(90)",
            "p(95)"
        ],
        "summaryTimeUnit": "",
        "noColor": false
    }
}