{
    "state": {
        "isStdOutTTY": true,
        "isStdErrTTY": true,
        "testRunDurationMs": 50001.242002
    },
    "metrics": {
        "http_req_duration{expected_response:true}": {
            "type": "trend",
            "contains": "time",
            "values": {
                "p(95)": 643.9645865999996,
                "avg": 289.3962247441283,
                "min": 2.336251,
                "med": 236.643779,
                "max": 1089.347722,
                "p(90)": 568.7633654
            }
        },
        "http_req_tls_handshaking": {
            "type": "trend",
            "contains": "time",
            "values": {
                "max": 0,
                "p(90)": 0,
                "p(95)": 0,
                "avg": 0,
                "min": 0,
                "med": 0
            }
        },
        "http_req_sending": {
            "type": "trend",
            "contains": "time",
            "values": {
                "avg": 0.014114567910716415,
                "min": 0.002281,
                "med": 0.011838,
                "max": 1.218747,
                "p(90)": 0.022256599999999998,
                "p(95)": 0.029268799999999887
            }
        },
        "http_req_blocked": {
            "type": "trend",
            "contains": "time",
            "values": {
                "med": 0.003067,
                "max": 11.700093,
                "p(90)": 0.005952,
                "p(95)": 0.008391199999999982,
                "avg": 0.00789962978519135,
                "min": 0.000582
            }
        },
        "http_req_receiving": {
            "type": "trend",
            "contains": "time",
            "values": {
                "p(95)": 0.13236699999999985,
                "avg": 0.06392018711148428,
                "min": 0.013456,
                "med": 0.051174,
                "max": 9.399802,
                "p(90)": 0.10365719999999999
            }
        },
        "vus_max": {
            "type": "gauge",
            "contains": "default",
            "values": {
                "max": 500,
                "value": 500,
                "min": 500
            }
        },
        "checks": {
            "type": "rate",
            "contains": "default",
            "values": {
                "rate": 0.3333333333333333,
                "passes": 41665,
                "fails": 83330
            }
        },
        "iterations": {
            "type": "counter",
            "contains": "default",
            "values": {
                "count": 41665,
                "rate": 833.2793013088243
            }
        },
        "http_req_failed": {
            "thresholds": {
                "rate<0.5": {
                    "ok": true
                }
            },
            "type": "rate",
            "contains": "default",
            "values": {
                "rate": 0,
                "passes": 0,
                "fails": 41665
            }
        },
        "http_req_duration": {
            "type": "trend",
            "contains": "time",
            "values": {
                "p(90)": 568.7633654,
                "p(95)": 643.9645865999996,
                "avg": 289.3962247441283,
                "min": 2.336251,
                "med": 236.643779,
                "max": 1089.347722
            }
        },
        "http_reqs": {
            "values": {
                "count": 41665,
                "rate": 833.2793013088243
            },
            "type": "counter",
            "contains": "default"
        },
        "http_req_waiting": {
            "type": "trend",
            "contains": "time",
            "values": {
                "min": 2.264385,
                "med": 236.567391,
                "max": 1089.228795,
                "p(90)": 568.715296,
                "p(95)": 643.8707499999994,
                "avg": 289.318189989105
            }
        },
        "errors_500": {
            "type": "rate",
            "contains": "default",
            "values": {
                "passes": 0,
                "fails": 41665,
                "rate": 0
            },
            "thresholds": {
                "rate<0.10": {
                    "ok": true
                }
            }
        },
        "vus": {
            "type": "gauge",
            "contains": "default",
            "values": {
                "max": 499,
                "value": 3,
                "min": 3
            }
        },
        "data_sent": {
            "type": "counter",
            "contains": "data",
            "values": {
                "count": 4662840,
                "rate": 93254.48355489832
            }
        },
        "iteration_duration": {
            "type": "trend",
            "contains": "time",
            "values": {
                "max": 1090.801094,
                "p(90)": 568.9338328,
                "p(95)": 644.143684,
                "avg": 289.53660607584294,
                "min": 2.462357,
                "med": 236.773064
            }
        },
        "http_req_connecting": {
            "type": "trend",
            "contains": "time",
            "values": {
                "max": 11.579346,
                "p(90)": 0,
                "p(95)": 0,
                "avg": 0.0031096500900036016,
                "min": 0,
                "med": 0
            }
        },
        "data_received": {
            "contains": "data",
            "values": {
                "rate": 6587906.156147566,
                "count": 329403490
            },
            "type": "counter"
        }
    },
    "root_group": {
        "name": "",
        "path": "",
        "id": "d41d8cd98f00b204e9800998ecf8427e",
        "groups": [],
        "checks": [
                {
                    "name": "status 200 (Servidor Resistiu)",
                    "path": "::status 200 (Servidor Resistiu)",
                    "id": "33477c3165522d945b97da23ac758b54",
                    "passes": 41665,
                    "fails": 0
                },
                {
                    "name": "status 429 (Rate Limit Atuou)",
                    "path": "::status 429 (Rate Limit Atuou)",
                    "id": "c0b2738a91b5302b3cd3b98e16f91662",
                    "passes": 0,
                    "fails": 41665
                },
                {
                    "name": "status 5xx (Servidor Caiu)",
                    "path": "::status 5xx (Servidor Caiu)",
                    "id": "173bdf9c57db8fd3ad09981bf036ccd4",
                    "passes": 0,
                    "fails": 41665
                }
            ]
    },
    "options": {
        "summaryTrendStats": [
            "avg",
            "min",
            "med",
            "max",
            "p(90)",
            "p(95)"
        ],
        "summaryTimeUnit": "",
        "noColor": false
    }
}