{
    "metrics": {
        "checks": {
            "contains": "default",
            "values": {
                "rate": 0.5,
                "passes": 1378,
                "fails": 1378
            },
            "type": "rate"
        },
        "http_reqs": {
            "type": "counter",
            "contains": "default",
            "values": {
                "count": 689,
                "rate": 13.76815283409584
            }
        },
        "vus_max": {
            "type": "gauge",
            "contains": "default",
            "values": {
                "value": 50,
                "min": 50,
                "max": 50
            }
        },
        "iterations": {
            "type": "counter",
            "contains": "default",
            "values": {
                "rate": 13.76815283409584,
                "count": 689
            }
        },
        "http_req_receiving": {
            "type": "trend",
            "contains": "time",
            "values": {
                "med": 0.043549,
                "max": 0.769901,
                "p(90)": 0.08874360000000002,
                "p(95)": 0.10911980000000002,
                "avg": 0.05621950362844706,
                "min": 0.011852
            }
        },
        "http_req_connecting": {
            "type": "trend",
            "contains": "time",
            "values": {
                "p(90)": 0,
                "p(95)": 0.18856240000000016,
                "avg": 0.018967529753265603,
                "min": 0,
                "med": 0,
                "max": 0.744276
            }
        },
        "iteration_duration": {
            "type": "trend",
            "contains": "time",
            "values": {
                "p(90)": 3202.6609928000007,
                "p(95)": 3579.2973468,
                "avg": 2073.965540243829,
                "min": 68.569986,
                "med": 1977.572566,
                "max": 5536.245733
            }
        },
        "http_req_duration": {
            "type": "trend",
            "contains": "time",
            "values": {
                "avg": 2073.770446936139,
                "min": 68.326886,
                "med": 1977.422369,
                "max": 5535.713352,
                "p(90)": 3202.508844800001,
                "p(95)": 3579.1459076
            },
            "thresholds": {
                "p(95)<5000": {
                    "ok": true
                }
            }
        },
        "http_req_failed": {
            "type": "rate",
            "contains": "default",
            "values": {
                "rate": 1,
                "passes": 689,
                "fails": 0
            }
        },
        "http_req_sending": {
            "type": "trend",
            "contains": "time",
            "values": {
                "med": 0.014127,
                "max": 0.250447,
                "p(90)": 0.03907780000000001,
                "p(95)": 0.06926740000000003,
                "avg": 0.021942837445573276,
                "min": 0.003591
            }
        },
        "http_req_blocked": {
            "type": "trend",
            "contains": "time",
            "values": {
                "min": 0.000763,
                "med": 0.00307,
                "max": 1.057613,
                "p(90)": 0.010289000000000008,
                "p(95)": 0.24911680000000017,
                "avg": 0.02962040058055152
            }
        },
        "vus": {
            "type": "gauge",
            "contains": "default",
            "values": {
                "min": 1,
                "max": 49,
                "value": 1
            }
        },
        "http_req_tls_handshaking": {
            "values": {
                "avg": 0,
                "min": 0,
                "med": 0,
                "max": 0,
                "p(90)": 0,
                "p(95)": 0
            },
            "type": "trend",
            "contains": "time"
        },
        "data_sent": {
            "type": "counter",
            "contains": "data",
            "values": {
                "count": 159311,
                "rate": 3183.480691077855
            }
        },
        "http_req_waiting": {
            "type": "trend",
            "contains": "time",
            "values": {
                "p(90)": 3202.442282000001,
                "p(95)": 3579.0189786,
                "avg": 2073.6922845950644,
                "min": 68.213238,
                "med": 1977.35972,
                "max": 5535.582031
            }
        },
        "data_received": {
            "type": "counter",
            "contains": "data",
            "values": {
                "count": 510549,
                "rate": 10202.201250065018
            }
        }
    },
    "root_group": {
        "name": "",
        "path": "",
        "id": "d41d8cd98f00b204e9800998ecf8427e",
        "groups": [],
        "checks": [
                {
                    "id": "eb1f872ff9ad829bf97ed277ffc713fd",
                    "passes": 0,
                    "fails": 689,
                    "name": "🛡️ BLOQUEADO: Spoofing detectado e rejeitado (403)",
                    "path": "::🛡️ BLOQUEADO: Spoofing detectado e rejeitado (403)"
                },
                {
                    "path": "::🛡️ BLOQUEADO: Rate limit global ignorou IP falso (429)",
                    "id": "b61aea19750f6adeca07378419b658ef",
                    "passes": 0,
                    "fails": 689,
                    "name": "🛡️ BLOQUEADO: Rate limit global ignorou IP falso (429)"
                },
                {
                    "path": "::⚠️ VULNERÁVEL: Rate limit foi burlado por IP falso (401)",
                    "id": "d14469fa093241efbc766ccf2236ba97",
                    "passes": 689,
                    "fails": 0,
                    "name": "⚠️ VULNERÁVEL: Rate limit foi burlado por IP falso (401)"
                },
                {
                    "id": "3118358a2dd26a9939197468d214b325",
                    "passes": 689,
                    "fails": 0,
                    "name": "⚠️ VULNERÁVEL: Spoofing não foi detectado (401)",
                    "path": "::⚠️ VULNERÁVEL: Spoofing não foi detectado (401)"
                }
            ]
    },
    "options": {
        "summaryTrendStats": [
            "avg",
            "min",
            "med",
            "max",
            "p(90)",
            "p(95)"
        ],
        "summaryTimeUnit": "",
        "noColor": false
    },
    "state": {
        "isStdOutTTY": true,
        "isStdErrTTY": true,
        "testRunDurationMs": 50043.023803
    }
}