{
    "metrics": {
        "iteration_duration": {
            "type": "trend",
            "contains": "time",
            "values": {
                "avg": 1772.859995441288,
                "min": 62.130447,
                "med": 1838.083232,
                "max": 7394.292155,
                "p(90)": 2766.4079062,
                "p(95)": 2935.8620633999994
            }
        },
        "checks": {
            "type": "rate",
            "contains": "default",
            "values": {
                "rate": 0.5,
                "passes": 1618,
                "fails": 1618
            }
        },
        "http_req_failed": {
            "type": "rate",
            "contains": "default",
            "values": {
                "rate": 1,
                "passes": 809,
                "fails": 0
            }
        },
        "data_received": {
            "type": "counter",
            "contains": "data",
            "values": {
                "count": 599469,
                "rate": 11982.431166012557
            }
        },
        "http_req_receiving": {
            "type": "trend",
            "contains": "time",
            "values": {
                "avg": 0.06903134981458596,
                "min": 0.016105,
                "med": 0.055195,
                "max": 0.359522,
                "p(90)": 0.11272140000000001,
                "p(95)": 0.15469779999999986
            }
        },
        "http_req_blocked": {
            "type": "trend",
            "contains": "time",
            "values": {
                "min": 0.000881,
                "med": 0.003791,
                "max": 0.646852,
                "p(90)": 0.012181600000000002,
                "p(95)": 0.2572283999999998,
                "avg": 0.026971093943139634
            }
        },
        "http_req_sending": {
            "values": {
                "p(90)": 0.04574680000000001,
                "p(95)": 0.0714252,
                "avg": 0.024874541409147077,
                "min": 0.004328,
                "med": 0.017315,
                "max": 0.328689
            },
            "type": "trend",
            "contains": "time"
        },
        "http_req_waiting": {
            "type": "trend",
            "contains": "time",
            "values": {
                "avg": 1772.5351203028424,
                "min": 61.31365,
                "med": 1837.722358,
                "max": 7393.60209,
                "p(90)": 2766.1916246,
                "p(95)": 2935.6405188
            }
        },
        "http_req_tls_handshaking": {
            "values": {
                "avg": 0,
                "min": 0,
                "med": 0,
                "max": 0,
                "p(90)": 0,
                "p(95)": 0
            },
            "type": "trend",
            "contains": "time"
        },
        "http_reqs": {
            "type": "counter",
            "contains": "default",
            "values": {
                "count": 809,
                "rate": 16.17062235629225
            }
        },
        "iterations": {
            "type": "counter",
            "contains": "default",
            "values": {
                "count": 809,
                "rate": 16.17062235629225
            }
        },
        "http_req_connecting": {
            "type": "trend",
            "contains": "time",
            "values": {
                "avg": 0.01697233127317676,
                "min": 0,
                "med": 0,
                "max": 0.573061,
                "p(90)": 0,
                "p(95)": 0.1753817999999997
            }
        },
        "http_req_duration": {
            "thresholds": {
                "p(95)<5000": {
                    "ok": true
                }
            },
            "type": "trend",
            "contains": "time",
            "values": {
                "p(90)": 2766.2518228,
                "p(95)": 2935.7075119999995,
                "avg": 1772.6290261940671,
                "min": 61.616421,
                "med": 1837.876662,
                "max": 7393.767272
            }
        },
        "data_sent": {
            "type": "counter",
            "contains": "data",
            "values": {
                "count": 187110,
                "rate": 3740.0310866326854
            }
        },
        "vus_max": {
            "type": "gauge",
            "contains": "default",
            "values": {
                "value": 50,
                "min": 50,
                "max": 50
            }
        },
        "vus": {
            "type": "gauge",
            "contains": "default",
            "values": {
                "value": 1,
                "min": 1,
                "max": 50
            }
        }
    },
    "root_group": {
        "name": "",
        "path": "",
        "id": "d41d8cd98f00b204e9800998ecf8427e",
        "groups": [],
        "checks": [
                {
                    "id": "eb1f872ff9ad829bf97ed277ffc713fd",
                    "passes": 0,
                    "fails": 809,
                    "name": "🛡️ BLOQUEADO: Spoofing detectado e rejeitado (403)",
                    "path": "::🛡️ BLOQUEADO: Spoofing detectado e rejeitado (403)"
                },
                {
                    "name": "🛡️ BLOQUEADO: Rate limit global ignorou IP falso (429)",
                    "path": "::🛡️ BLOQUEADO: Rate limit global ignorou IP falso (429)",
                    "id": "b61aea19750f6adeca07378419b658ef",
                    "passes": 0,
                    "fails": 809
                },
                {
                    "name": "⚠️ VULNERÁVEL: Rate limit foi burlado por IP falso (401)",
                    "path": "::⚠️ VULNERÁVEL: Rate limit foi burlado por IP falso (401)",
                    "id": "d14469fa093241efbc766ccf2236ba97",
                    "passes": 809,
                    "fails": 0
                },
                {
                    "fails": 0,
                    "name": "⚠️ VULNERÁVEL: Spoofing não foi detectado (401)",
                    "path": "::⚠️ VULNERÁVEL: Spoofing não foi detectado (401)",
                    "id": "3118358a2dd26a9939197468d214b325",
                    "passes": 809
                }
            ]
    },
    "options": {
        "noColor": false,
        "summaryTrendStats": [
            "avg",
            "min",
            "med",
            "max",
            "p(90)",
            "p(95)"
        ],
        "summaryTimeUnit": ""
    },
    "state": {
        "testRunDurationMs": 50028.995927,
        "isStdOutTTY": false,
        "isStdErrTTY": false
    }
}