{
    "metrics": {
        "http_req_receiving": {
            "contains": "time",
            "values": {
                "avg": 0.1141413416927899,
                "min": 0.042623,
                "med": 0.092781,
                "max": 0.385897,
                "p(90)": 0.1978864,
                "p(95)": 0.2433194999999999
            },
            "type": "trend"
        },
        "http_req_sending": {
            "values": {
                "avg": 0.04999146708463946,
                "min": 0.013584,
                "med": 0.029123,
                "max": 0.624824,
                "p(90)": 0.0780326,
                "p(95)": 0.10397989999999889
            },
            "type": "trend",
            "contains": "time"
        },
        "iteration_duration": {
            "type": "trend",
            "contains": "time",
            "values": {
                "avg": 637.3994318777429,
                "min": 561.624029,
                "med": 623.88826,
                "max": 1128.548962,
                "p(90)": 693.0316588,
                "p(95)": 723.6952104999999
            }
        },
        "http_req_waiting": {
            "contains": "time",
            "values": {
                "med": 122.772727,
                "max": 626.063647,
                "p(90)": 192.239332,
                "p(95)": 222.03309169999997,
                "avg": 136.28781298432597,
                "min": 60.58741
            },
            "type": "trend"
        },
        "iterations": {
            "type": "counter",
            "contains": "default",
            "values": {
                "count": 319,
                "rate": 15.475289479206555
            }
        },
        "vus": {
            "type": "gauge",
            "contains": "default",
            "values": {
                "max": 10,
                "value": 10,
                "min": 10
            }
        },
        "http_reqs": {
            "type": "counter",
            "contains": "default",
            "values": {
                "count": 319,
                "rate": 15.475289479206555
            }
        },
        "http_req_tls_handshaking": {
            "type": "trend",
            "contains": "time",
            "values": {
                "p(90)": 0,
                "p(95)": 0,
                "avg": 0,
                "min": 0,
                "med": 0,
                "max": 0
            }
        },
        "checks": {
            "type": "rate",
            "contains": "default",
            "values": {
                "fails": 0,
                "rate": 1,
                "passes": 638
            }
        },
        "vus_max": {
            "type": "gauge",
            "contains": "default",
            "values": {
                "value": 10,
                "min": 10,
                "max": 10
            }
        },
        "data_received": {
            "values": {
                "count": 174863,
                "rate": 8482.932740446695
            },
            "type": "counter",
            "contains": "data"
        },
        "data_sent": {
            "contains": "data",
            "values": {
                "count": 70255,
                "rate": 3408.2020763688292
            },
            "type": "counter"
        },
        "http_req_duration": {
            "values": {
                "p(95)": 222.23719889999998,
                "avg": 136.45194579310348,
                "min": 60.7551,
                "med": 122.892393,
                "max": 626.774671,
                "p(90)": 192.3922596
            },
            "type": "trend",
            "contains": "time"
        },
        "http_req_failed": {
            "type": "rate",
            "contains": "default",
            "values": {
                "rate": 1,
                "passes": 319,
                "fails": 0
            }
        },
        "http_req_connecting": {
            "values": {
                "avg": 0.0073121003134796235,
                "min": 0,
                "med": 0,
                "max": 0.39362,
                "p(90)": 0,
                "p(95)": 0
            },
            "type": "trend",
            "contains": "time"
        },
        "http_req_blocked": {
            "values": {
                "min": 0.004139,
                "med": 0.00689,
                "max": 0.699955,
                "p(90)": 0.017176399999999998,
                "p(95)": 0.02629109999999999,
                "avg": 0.026614520376175524
            },
            "type": "trend",
            "contains": "time"
        }
    },
    "root_group": {
        "id": "d41d8cd98f00b204e9800998ecf8427e",
        "groups": [],
        "checks": [
                {
                    "fails": 0,
                    "name": "Status é 401 (IP aceito, credencial inválida)",
                    "path": "::Status é 401 (IP aceito, credencial inválida)",
                    "id": "bcbc596cc4292d0f98669a98469c864b",
                    "passes": 319
                },
                {
                    "path": "::Não foi bloqueado (Não é 429)",
                    "id": "7bdcdb5b3180c1df26ca4f8019cffa82",
                    "passes": 319,
                    "fails": 0,
                    "name": "Não foi bloqueado (Não é 429)"
                }
            ],
        "name": "",
        "path": ""
    },
    "options": {
        "summaryTrendStats": [
            "avg",
            "min",
            "med",
            "max",
            "p(90)",
            "p(95)"
        ],
        "summaryTimeUnit": "",
        "noColor": false
    },
    "state": {
        "isStdErrTTY": true,
        "testRunDurationMs": 20613.507775,
        "isStdOutTTY": true
    }
}