{
    "metrics": {
        "http_req_duration": {
            "type": "trend",
            "contains": "time",
            "values": {
                "p(90)": 185.2619715,
                "p(95)": 197.62316335000003,
                "avg": 133.65380030937507,
                "min": 61.51041,
                "med": 121.8910325,
                "max": 636.310732
            }
        },
        "iteration_duration": {
            "type": "trend",
            "contains": "time",
            "values": {
                "max": 1140.829747,
                "p(90)": 686.2366582999999,
                "p(95)": 698.9446649,
                "avg": 634.5844431031253,
                "min": 562.140092,
                "med": 622.7789625
            }
        },
        "http_req_blocked": {
            "type": "trend",
            "contains": "time",
            "values": {
                "p(95)": 0.02374620000000001,
                "avg": 0.060272468750000086,
                "min": 0.003202,
                "med": 0.006357,
                "max": 3.609446,
                "p(90)": 0.014423800000000014
            }
        },
        "iterations": {
            "type": "counter",
            "contains": "default",
            "values": {
                "count": 320,
                "rate": 15.548255000693084
            }
        },
        "http_req_failed": {
            "contains": "default",
            "values": {
                "rate": 1,
                "passes": 320,
                "fails": 0
            },
            "type": "rate"
        },
        "http_req_connecting": {
            "type": "trend",
            "contains": "time",
            "values": {
                "p(90)": 0,
                "p(95)": 0,
                "avg": 0.011404250000000001,
                "min": 0,
                "med": 0,
                "max": 0.490993
            }
        },
        "http_req_tls_handshaking": {
            "type": "trend",
            "contains": "time",
            "values": {
                "avg": 0,
                "min": 0,
                "med": 0,
                "max": 0,
                "p(90)": 0,
                "p(95)": 0
            }
        },
        "http_req_waiting": {
            "type": "trend",
            "contains": "time",
            "values": {
                "p(90)": 185.1700913,
                "p(95)": 197.36575870000001,
                "avg": 133.51161459687506,
                "min": 61.336346,
                "med": 121.74867599999999,
                "max": 635.950533
            }
        },
        "data_sent": {
            "type": "counter",
            "contains": "data",
            "values": {
                "count": 70485,
                "rate": 3424.746105387038
            }
        },
        "http_req_sending": {
            "type": "trend",
            "contains": "time",
            "values": {
                "avg": 0.04098832812499995,
                "min": 0.012625,
                "med": 0.028039,
                "max": 0.351134,
                "p(90)": 0.0665347,
                "p(95)": 0.09343550000000002
            }
        },
        "http_reqs": {
            "values": {
                "count": 320,
                "rate": 15.548255000693084
            },
            "type": "counter",
            "contains": "default"
        },
        "http_req_receiving": {
            "type": "trend",
            "contains": "time",
            "values": {
                "min": 0.022328,
                "med": 0.084544,
                "max": 0.389756,
                "p(90)": 0.17944150000000006,
                "p(95)": 0.21622835,
                "avg": 0.10119738437499995
            }
        },
        "data_received": {
            "type": "counter",
            "contains": "data",
            "values": {
                "count": 175404,
                "rate": 8522.581625442406
            }
        },
        "checks": {
            "contains": "default",
            "values": {
                "rate": 1,
                "passes": 640,
                "fails": 0
            },
            "type": "rate"
        },
        "vus": {
            "type": "gauge",
            "contains": "default",
            "values": {
                "value": 10,
                "min": 10,
                "max": 10
            }
        },
        "vus_max": {
            "type": "gauge",
            "contains": "default",
            "values": {
                "min": 10,
                "max": 10,
                "value": 10
            }
        }
    },
    "root_group": {
        "path": "",
        "id": "d41d8cd98f00b204e9800998ecf8427e",
        "groups": [],
        "checks": [
                {
                    "fails": 0,
                    "name": "Status é 401 (IP aceito, credencial inválida)",
                    "path": "::Status é 401 (IP aceito, credencial inválida)",
                    "id": "bcbc596cc4292d0f98669a98469c864b",
                    "passes": 320
                },
                {
                    "fails": 0,
                    "name": "Não foi bloqueado (Não é 429)",
                    "path": "::Não foi bloqueado (Não é 429)",
                    "id": "7bdcdb5b3180c1df26ca4f8019cffa82",
                    "passes": 320
                }
            ],
        "name": ""
    },
    "options": {
        "summaryTrendStats": [
            "avg",
            "min",
            "med",
            "max",
            "p(90)",
            "p(95)"
        ],
        "summaryTimeUnit": "",
        "noColor": false
    },
    "state": {
        "isStdErrTTY": true,
        "testRunDurationMs": 20581.087716,
        "isStdOutTTY": true
    }
}