{
    "state": {
        "isStdErrTTY": false,
        "testRunDurationMs": 50045.495443,
        "isStdOutTTY": false
    },
    "metrics": {
        "http_req_sending": {
            "type": "trend",
            "contains": "time",
            "values": {
                "min": 0.005384,
                "med": 0.021001,
                "max": 0.328426,
                "p(90)": 0.0658159,
                "p(95)": 0.1038152999999999,
                "avg": 0.03268340624999998
            }
        },
        "http_req_waiting": {
            "type": "trend",
            "contains": "time",
            "values": {
                "p(90)": 3479.1488302,
                "p(95)": 3726.96683145,
                "avg": 2268.1301888359367,
                "min": 114.514204,
                "med": 2347.8864224999998,
                "max": 7437.201508
            }
        },
        "http_req_receiving": {
            "type": "trend",
            "contains": "time",
            "values": {
                "min": 0.014666,
                "med": 0.07107,
                "max": 1.516887,
                "p(90)": 0.1333435,
                "p(95)": 0.20632264999999997,
                "avg": 0.08411338124999987
            }
        },
        "vus_max": {
            "type": "gauge",
            "contains": "default",
            "values": {
                "value": 50,
                "min": 50,
                "max": 50
            }
        },
        "http_req_connecting": {
            "values": {
                "avg": 0.029969482812499993,
                "min": 0,
                "med": 0,
                "max": 1.805943,
                "p(90)": 0,
                "p(95)": 0.2556790499999996
            },
            "type": "trend",
            "contains": "time"
        },
        "http_req_tls_handshaking": {
            "type": "trend",
            "contains": "time",
            "values": {
                "avg": 0,
                "min": 0,
                "med": 0,
                "max": 0,
                "p(90)": 0,
                "p(95)": 0
            }
        },
        "checks": {
            "type": "rate",
            "contains": "default",
            "values": {
                "rate": 0.5,
                "passes": 1280,
                "fails": 1280
            }
        },
        "http_req_blocked": {
            "type": "trend",
            "contains": "time",
            "values": {
                "max": 1.989633,
                "p(90)": 0.017732,
                "p(95)": 0.3567714999999995,
                "avg": 0.04675591874999998,
                "min": 0.001634,
                "med": 0.0046085
            }
        },
        "vus": {
            "type": "gauge",
            "contains": "default",
            "values": {
                "value": 1,
                "min": 1,
                "max": 50
            }
        },
        "data_received": {
            "type": "counter",
            "contains": "data",
            "values": {
                "count": 474240,
                "rate": 9476.177542095515
            }
        },
        "http_req_failed": {
            "type": "rate",
            "contains": "default",
            "values": {
                "passes": 640,
                "fails": 0,
                "rate": 1
            }
        },
        "http_reqs": {
            "type": "counter",
            "contains": "default",
            "values": {
                "count": 640,
                "rate": 12.788363754514863
            }
        },
        "data_sent": {
            "type": "counter",
            "contains": "data",
            "values": {
                "count": 148034,
                "rate": 2957.9885000560207
            }
        },
        "iteration_duration": {
            "contains": "time",
            "values": {
                "avg": 2268.5312657265613,
                "min": 114.825184,
                "med": 2348.188504,
                "max": 7438.632643,
                "p(90)": 3479.3245645,
                "p(95)": 3727.16663065
            },
            "type": "trend"
        },
        "iterations": {
            "values": {
                "rate": 12.788363754514863,
                "count": 640
            },
            "type": "counter",
            "contains": "default"
        },
        "http_req_duration": {
            "thresholds": {
                "p(95)<5000": {
                    "ok": true
                }
            },
            "type": "trend",
            "contains": "time",
            "values": {
                "min": 114.623733,
                "med": 2347.967195,
                "max": 7437.639254,
                "p(90)": 3479.1983528,
                "p(95)": 3727.0249685000003,
                "avg": 2268.2469856234375
            }
        }
    },
    "root_group": {
        "name": "",
        "path": "",
        "id": "d41d8cd98f00b204e9800998ecf8427e",
        "groups": [],
        "checks": [
                {
                    "name": "🛡️ BLOQUEADO: Spoofing detectado e rejeitado (403)",
                    "path": "::🛡️ BLOQUEADO: Spoofing detectado e rejeitado (403)",
                    "id": "eb1f872ff9ad829bf97ed277ffc713fd",
                    "passes": 0,
                    "fails": 640
                },
                {
                    "name": "🛡️ BLOQUEADO: Rate limit global ignorou IP falso (429)",
                    "path": "::🛡️ BLOQUEADO: Rate limit global ignorou IP falso (429)",
                    "id": "b61aea19750f6adeca07378419b658ef",
                    "passes": 0,
                    "fails": 640
                },
                {
                    "fails": 0,
                    "name": "⚠️ VULNERÁVEL: Rate limit foi burlado por IP falso (401)",
                    "path": "::⚠️ VULNERÁVEL: Rate limit foi burlado por IP falso (401)",
                    "id": "d14469fa093241efbc766ccf2236ba97",
                    "passes": 640
                },
                {
                    "passes": 640,
                    "fails": 0,
                    "name": "⚠️ VULNERÁVEL: Spoofing não foi detectado (401)",
                    "path": "::⚠️ VULNERÁVEL: Spoofing não foi detectado (401)",
                    "id": "3118358a2dd26a9939197468d214b325"
                }
            ]
    },
    "options": {
        "summaryTimeUnit": "",
        "noColor": false,
        "summaryTrendStats": [
            "avg",
            "min",
            "med",
            "max",
            "p(90)",
            "p(95)"
        ]
    }
}