{
    "metrics": {
        "http_req_blocked": {
            "type": "trend",
            "contains": "time",
            "values": {
                "avg": 0.02265612515964242,
                "min": 0.000789,
                "med": 0.002953,
                "max": 0.831279,
                "p(90)": 0.007764000000000004,
                "p(95)": 0.2267478
            }
        },
        "http_req_tls_handshaking": {
            "values": {
                "p(90)": 0,
                "p(95)": 0,
                "avg": 0,
                "min": 0,
                "med": 0,
                "max": 0
            },
            "type": "trend",
            "contains": "time"
        },
        "http_req_sending": {
            "type": "trend",
            "contains": "time",
            "values": {
                "avg": 0.01891387867177521,
                "min": 0.003074,
                "med": 0.01337,
                "max": 0.229712,
                "p(90)": 0.02915980000000001,
                "p(95)": 0.060847299999999986
            }
        },
        "data_sent": {
            "contains": "data",
            "values": {
                "rate": 3620.1007095750297,
                "count": 181104
            },
            "type": "counter"
        },
        "http_req_failed": {
            "type": "rate",
            "contains": "default",
            "values": {
                "rate": 1,
                "passes": 783,
                "fails": 0
            }
        },
        "checks": {
            "type": "rate",
            "contains": "default",
            "values": {
                "fails": 1566,
                "rate": 0.5,
                "passes": 1566
            }
        },
        "http_req_duration": {
            "type": "trend",
            "contains": "time",
            "values": {
                "avg": 1825.0377103282249,
                "min": 89.430392,
                "med": 1852.468698,
                "max": 4115.719458,
                "p(90)": 2950.728756800002,
                "p(95)": 3182.9292357999993
            },
            "thresholds": {
                "p(95)<5000": {
                    "ok": true
                }
            }
        },
        "http_req_connecting": {
            "values": {
                "avg": 0.014627715197956574,
                "min": 0,
                "med": 0,
                "max": 0.583168,
                "p(90)": 0,
                "p(95)": 0.16801389999999997
            },
            "type": "trend",
            "contains": "time"
        },
        "http_req_waiting": {
            "type": "trend",
            "contains": "time",
            "values": {
                "avg": 1824.9692922222237,
                "min": 89.314716,
                "med": 1852.426038,
                "max": 4115.590892,
                "p(90)": 2950.677420800002,
                "p(95)": 3182.8290633999995
            }
        },
        "http_req_receiving": {
            "values": {
                "max": 0.263021,
                "p(90)": 0.08025760000000001,
                "p(95)": 0.08826679999999998,
                "avg": 0.04950422733077907,
                "min": 0.010826,
                "med": 0.042663
            },
            "type": "trend",
            "contains": "time"
        },
        "iteration_duration": {
            "type": "trend",
            "contains": "time",
            "values": {
                "min": 89.651758,
                "med": 1852.565968,
                "max": 4116.555435,
                "p(90)": 2950.830006200002,
                "p(95)": 3183.1099079999995,
                "avg": 1825.2082940127711
            }
        },
        "vus_max": {
            "type": "gauge",
            "contains": "default",
            "values": {
                "value": 50,
                "min": 50,
                "max": 50
            }
        },
        "http_reqs": {
            "type": "counter",
            "contains": "default",
            "values": {
                "rate": 15.6514425722085,
                "count": 783
            }
        },
        "data_received": {
            "type": "counter",
            "contains": "data",
            "values": {
                "count": 580203,
                "rate": 11597.7189460065
            }
        },
        "vus": {
            "type": "gauge",
            "contains": "default",
            "values": {
                "value": 1,
                "min": 1,
                "max": 50
            }
        },
        "iterations": {
            "type": "counter",
            "contains": "default",
            "values": {
                "count": 783,
                "rate": 15.6514425722085
            }
        }
    },
    "root_group": {
        "groups": [],
        "checks": [
                {
                    "name": "🛡️ BLOQUEADO: Spoofing detectado e rejeitado (403)",
                    "path": "::🛡️ BLOQUEADO: Spoofing detectado e rejeitado (403)",
                    "id": "eb1f872ff9ad829bf97ed277ffc713fd",
                    "passes": 0,
                    "fails": 783
                },
                {
                    "name": "🛡️ BLOQUEADO: Rate limit global ignorou IP falso (429)",
                    "path": "::🛡️ BLOQUEADO: Rate limit global ignorou IP falso (429)",
                    "id": "b61aea19750f6adeca07378419b658ef",
                    "passes": 0,
                    "fails": 783
                },
                {
                    "fails": 0,
                    "name": "⚠️ VULNERÁVEL: Rate limit foi burlado por IP falso (401)",
                    "path": "::⚠️ VULNERÁVEL: Rate limit foi burlado por IP falso (401)",
                    "id": "d14469fa093241efbc766ccf2236ba97",
                    "passes": 783
                },
                {
                    "id": "3118358a2dd26a9939197468d214b325",
                    "passes": 783,
                    "fails": 0,
                    "name": "⚠️ VULNERÁVEL: Spoofing não foi detectado (401)",
                    "path": "::⚠️ VULNERÁVEL: Spoofing não foi detectado (401)"
                }
            ],
        "name": "",
        "path": "",
        "id": "d41d8cd98f00b204e9800998ecf8427e"
    },
    "options": {
        "summaryTrendStats": [
            "avg",
            "min",
            "med",
            "max",
            "p(90)",
            "p(95)"
        ],
        "summaryTimeUnit": "",
        "noColor": false
    },
    "state": {
        "testRunDurationMs": 50027.337505,
        "isStdOutTTY": false,
        "isStdErrTTY": false
    }
}