{
    "state": {
        "isStdOutTTY": true,
        "isStdErrTTY": true,
        "testRunDurationMs": 5049.124767
    },
    "metrics": {
        "http_req_connecting": {
            "type": "trend",
            "contains": "time",
            "values": {
                "max": 0.205121,
                "p(90)": 0.12307260000000002,
                "p(95)": 0.16409679999999996,
                "avg": 0.0410242,
                "min": 0,
                "med": 0
            }
        },
        "http_req_tls_handshaking": {
            "type": "trend",
            "contains": "time",
            "values": {
                "p(95)": 0,
                "avg": 0,
                "min": 0,
                "med": 0,
                "max": 0,
                "p(90)": 0
            }
        },
        "iteration_duration": {
            "values": {
                "avg": 1009.6547832,
                "min": 1006.776014,
                "med": 1009.894377,
                "max": 1011.642371,
                "p(90)": 1011.153081,
                "p(95)": 1011.397726
            },
            "type": "trend",
            "contains": "time"
        },
        "vus": {
            "type": "gauge",
            "contains": "default",
            "values": {
                "value": 1,
                "min": 1,
                "max": 1
            }
        },
        "http_reqs": {
            "contains": "default",
            "values": {
                "count": 5,
                "rate": 0.9902706371367431
            },
            "type": "counter"
        },
        "http_req_duration{expected_response:true}": {
            "type": "trend",
            "contains": "time",
            "values": {
                "avg": 8.4374124,
                "min": 5.016885,
                "med": 9.156426,
                "max": 10.221672,
                "p(90)": 9.9450152,
                "p(95)": 10.0833436
            }
        },
        "http_req_sending": {
            "contains": "time",
            "values": {
                "avg": 0.0581126,
                "min": 0.032444,
                "med": 0.05303,
                "max": 0.087646,
                "p(90)": 0.0826328,
                "p(95)": 0.0851394
            },
            "type": "trend"
        },
        "http_req_blocked": {
            "values": {
                "min": 0.012336,
                "med": 0.016848,
                "max": 0.32153,
                "p(90)": 0.20179640000000001,
                "p(95)": 0.26166319999999993,
                "avg": 0.0771166
            },
            "type": "trend",
            "contains": "time"
        },
        "http_req_duration": {
            "contains": "time",
            "values": {
                "avg": 8.4374124,
                "min": 5.016885,
                "med": 9.156426,
                "max": 10.221672,
                "p(90)": 9.9450152,
                "p(95)": 10.0833436
            },
            "thresholds": {
                "p(95)<500": {
                    "ok": true
                }
            },
            "type": "trend"
        },
        "checks": {
            "values": {
                "rate": 1,
                "passes": 15,
                "fails": 0
            },
            "thresholds": {
                "rate==1.0": {
                    "ok": true
                }
            },
            "type": "rate",
            "contains": "default"
        },
        "iterations": {
            "type": "counter",
            "contains": "default",
            "values": {
                "count": 5,
                "rate": 0.9902706371367431
            }
        },
        "vus_max": {
            "type": "gauge",
            "contains": "default",
            "values": {
                "value": 1,
                "min": 1,
                "max": 1
            }
        },
        "data_received": {
            "type": "counter",
            "contains": "data",
            "values": {
                "count": 2950,
                "rate": 584.2596759106784
            }
        },
        "data_sent": {
            "type": "counter",
            "contains": "data",
            "values": {
                "count": 470,
                "rate": 93.08543989085385
            }
        },
        "http_req_receiving": {
            "type": "trend",
            "contains": "time",
            "values": {
                "max": 0.185673,
                "p(90)": 0.163971,
                "p(95)": 0.174822,
                "avg": 0.1343176,
                "min": 0.099493,
                "med": 0.12758
            }
        },
        "http_req_failed": {
            "values": {
                "rate": 0,
                "passes": 0,
                "fails": 5
            },
            "type": "rate",
            "contains": "default"
        },
        "http_req_waiting": {
            "type": "trend",
            "contains": "time",
            "values": {
                "avg": 8.244982199999999,
                "min": 4.797821,
                "med": 8.89564,
                "max": 10.041218,
                "p(90)": 9.7687788,
                "p(95)": 9.9049984
            }
        }
    },
    "root_group": {
        "name": "",
        "path": "",
        "id": "d41d8cd98f00b204e9800998ecf8427e",
        "groups": [],
        "checks": [
                {
                    "name": "Status é 200",
                    "path": "::Status é 200",
                    "id": "9fc2989e4f5bce205ffc0afd55836aea",
                    "passes": 5,
                    "fails": 0
                },
                {
                    "name": "Retornou lista de músicas",
                    "path": "::Retornou lista de músicas",
                    "id": "791fa28b2b55438600dfb4d5b36f5d42",
                    "passes": 5,
                    "fails": 0
                },
                {
                    "id": "c7d55832ff4a05f54945f4751b9bbd3e",
                    "passes": 5,
                    "fails": 0,
                    "name": "Busca funcionou (título contém termo)",
                    "path": "::Busca funcionou (título contém termo)"
                }
            ]
    },
    "options": {
        "summaryTrendStats": [
            "avg",
            "min",
            "med",
            "max",
            "p(90)",
            "p(95)"
        ],
        "summaryTimeUnit": "",
        "noColor": false
    }
}