{
    "options": {
        "summaryTrendStats": [
            "avg",
            "min",
            "med",
            "max",
            "p(90)",
            "p(95)"
        ],
        "summaryTimeUnit": "",
        "noColor": false
    },
    "state": {
        "isStdOutTTY": false,
        "isStdErrTTY": false,
        "testRunDurationMs": 2704.882537
    },
    "metrics": {
        "http_req_receiving": {
            "type": "trend",
            "contains": "time",
            "values": {
                "avg": 0.2198925,
                "min": 0.123422,
                "med": 0.2198925,
                "max": 0.316363,
                "p(90)": 0.29706889999999997,
                "p(95)": 0.30671594999999996
            }
        },
        "data_sent": {
            "type": "counter",
            "contains": "data",
            "values": {
                "count": 192,
                "rate": 70.98274966607173
            }
        },
        "http_req_duration": {
            "type": "trend",
            "contains": "time",
            "values": {
                "p(95)": 74.69910895,
                "avg": 73.8596335,
                "min": 72.926883,
                "med": 73.8596335,
                "max": 74.792384,
                "p(90)": 74.6058339
            }
        },
        "http_req_duration{expected_response:true}": {
            "type": "trend",
            "contains": "time",
            "values": {
                "avg": 73.8596335,
                "min": 72.926883,
                "med": 73.8596335,
                "max": 74.792384,
                "p(90)": 74.6058339,
                "p(95)": 74.69910895
            }
        },
        "http_req_blocked": {
            "type": "trend",
            "contains": "time",
            "values": {
                "p(90)": 0.3664686,
                "p(95)": 0.3860143,
                "avg": 0.21010299999999998,
                "min": 0.014646,
                "med": 0.21010299999999998,
                "max": 0.40556
            }
        },
        "http_req_connecting": {
            "type": "trend",
            "contains": "time",
            "values": {
                "p(95)": 0.25902794999999995,
                "avg": 0.1363305,
                "min": 0,
                "med": 0.1363305,
                "max": 0.272661,
                "p(90)": 0.2453949
            }
        },
        "http_req_failed": {
            "type": "rate",
            "contains": "default",
            "values": {
                "rate": 0,
                "passes": 0,
                "fails": 2
            }
        },
        "vus_max": {
            "type": "gauge",
            "contains": "default",
            "values": {
                "value": 1,
                "min": 1,
                "max": 1
            }
        },
        "data_received": {
            "type": "counter",
            "contains": "data",
            "values": {
                "count": 2255,
                "rate": 833.6776067551654
            }
        },
        "iterations": {
            "type": "counter",
            "contains": "default",
            "values": {
                "count": 1,
                "rate": 0.3697018211774569
            }
        },
        "http_req_sending": {
            "values": {
                "max": 0.086148,
                "p(90)": 0.0824578,
                "p(95)": 0.0843029,
                "avg": 0.06769700000000001,
                "min": 0.049246,
                "med": 0.06769700000000001
            },
            "type": "trend",
            "contains": "time"
        },
        "http_req_waiting": {
            "type": "trend",
            "contains": "time",
            "values": {
                "p(90)": 74.4101816,
                "p(95)": 74.5149488,
                "avg": 73.572044,
                "min": 72.524372,
                "med": 73.572044,
                "max": 74.619716
            }
        },
        "vus": {
            "type": "gauge",
            "contains": "default",
            "values": {
                "max": 1,
                "value": 1,
                "min": 1
            }
        },
        "http_reqs": {
            "contains": "default",
            "values": {
                "count": 2,
                "rate": 0.7394036423549138
            },
            "type": "counter"
        },
        "http_req_tls_handshaking": {
            "type": "trend",
            "contains": "time",
            "values": {
                "p(95)": 0,
                "avg": 0,
                "min": 0,
                "med": 0,
                "max": 0,
                "p(90)": 0
            }
        },
        "checks": {
            "type": "rate",
            "contains": "default",
            "values": {
                "rate": 1,
                "passes": 4,
                "fails": 0
            },
            "thresholds": {
                "rate==1.0": {
                    "ok": true
                }
            }
        },
        "iteration_duration": {
            "type": "trend",
            "contains": "time",
            "values": {
                "avg": 2704.68576,
                "min": 2704.68576,
                "med": 2704.68576,
                "max": 2704.68576,
                "p(90)": 2704.68576,
                "p(95)": 2704.68576
            }
        }
    },
    "root_group": {
        "checks": [
            {
                "name": "Página 1: status 200",
                "path": "::Página 1: status 200",
                "id": "2502e4c3555b17056ef38557122fe1ce",
                "passes": 1,
                "fails": 0
            },
            {
                "path": "::Página 1: retornou dados",
                "id": "bdd9bc07061e34db569b93fe35dfdd73",
                "passes": 1,
                "fails": 0,
                "name": "Página 1: retornou dados"
            },
            {
                "passes": 1,
                "fails": 0,
                "name": "Página 2: status 200",
                "path": "::Página 2: status 200",
                "id": "dfd40fd0c2e85f188219fd4b9d4954f1"
            },
            {
                "name": "Página 2: retornou dados",
                "path": "::Página 2: retornou dados",
                "id": "47c09ed85c42d45dd128860566f67961",
                "passes": 1,
                "fails": 0
            }
        ],
        "name": "",
        "path": "",
        "id": "d41d8cd98f00b204e9800998ecf8427e",
        "groups": []
    }
}