{
    "options": {
        "summaryTimeUnit": "",
        "noColor": false,
        "summaryTrendStats": [
            "avg",
            "min",
            "med",
            "max",
            "p(90)",
            "p(95)"
        ]
    },
    "state": {
        "isStdOutTTY": true,
        "isStdErrTTY": true,
        "testRunDurationMs": 8238.428012
    },
    "metrics": {
        "http_req_tls_handshaking": {
            "values": {
                "min": 0,
                "med": 0,
                "max": 0,
                "p(90)": 0,
                "p(95)": 0,
                "avg": 0
            },
            "type": "trend",
            "contains": "time"
        },
        "http_req_receiving": {
            "values": {
                "p(90)": 0.16796139999999998,
                "p(95)": 0.19590319999999994,
                "avg": 0.10974679999999999,
                "min": 0.074384,
                "med": 0.083299,
                "max": 0.223845
            },
            "type": "trend",
            "contains": "time"
        },
        "http_req_duration": {
            "type": "trend",
            "contains": "time",
            "values": {
                "p(90)": 242.09742640000002,
                "p(95)": 294.37584019999997,
                "avg": 130.5754672,
                "min": 68.513467,
                "med": 82.202302,
                "max": 346.654254
            }
        },
        "http_req_blocked": {
            "type": "trend",
            "contains": "time",
            "values": {
                "avg": 0.07593059999999999,
                "min": 0.008353,
                "med": 0.011925,
                "max": 0.330532,
                "p(90)": 0.20509320000000003,
                "p(95)": 0.26781259999999996
            }
        },
        "vus_max": {
            "type": "gauge",
            "contains": "default",
            "values": {
                "max": 1,
                "value": 1,
                "min": 1
            }
        },
        "iteration_duration": {
            "type": "trend",
            "contains": "time",
            "values": {
                "avg": 1647.6106516,
                "min": 956.783579,
                "med": 1712.58439,
                "max": 1982.151324,
                "p(90)": 1970.0472808,
                "p(95)": 1976.0993024
            }
        },
        "http_req_duration{expected_response:true}": {
            "type": "trend",
            "contains": "time",
            "values": {
                "p(95)": 294.37584019999997,
                "avg": 130.5754672,
                "min": 68.513467,
                "med": 82.202302,
                "max": 346.654254,
                "p(90)": 242.09742640000002
            }
        },
        "http_req_connecting": {
            "type": "trend",
            "contains": "time",
            "values": {
                "p(95)": 0.18282959999999995,
                "avg": 0.045707399999999995,
                "min": 0,
                "med": 0,
                "max": 0.228537,
                "p(90)": 0.13712220000000003
            }
        },
        "data_sent": {
            "contains": "data",
            "values": {
                "count": 518,
                "rate": 62.87607286796548
            },
            "type": "counter"
        },
        "http_req_waiting": {
            "values": {
                "min": 68.405427,
                "med": 82.051817,
                "max": 346.367855,
                "p(90)": 241.8659986,
                "p(95)": 294.1169268,
                "avg": 130.4124294
            },
            "type": "trend",
            "contains": "time"
        },
        "http_req_failed": {
            "type": "rate",
            "contains": "default",
            "values": {
                "passes": 0,
                "fails": 5,
                "rate": 0
            }
        },
        "data_received": {
            "values": {
                "count": 4170,
                "rate": 506.1645248251275
            },
            "type": "counter",
            "contains": "data"
        },
        "iterations": {
            "contains": "default",
            "values": {
                "rate": 0.6069119002699371,
                "count": 5
            },
            "type": "counter"
        },
        "vus": {
            "type": "gauge",
            "contains": "default",
            "values": {
                "max": 1,
                "value": 1,
                "min": 1
            }
        },
        "checks": {
            "type": "rate",
            "contains": "default",
            "values": {
                "rate": 1,
                "passes": 15,
                "fails": 0
            },
            "thresholds": {
                "rate>0.85": {
                    "ok": true
                }
            }
        },
        "http_reqs": {
            "type": "counter",
            "contains": "default",
            "values": {
                "count": 5,
                "rate": 0.6069119002699371
            }
        },
        "http_req_sending": {
            "type": "trend",
            "contains": "time",
            "values": {
                "avg": 0.053291,
                "min": 0.023904,
                "med": 0.062554,
                "max": 0.074587,
                "p(90)": 0.0716266,
                "p(95)": 0.0731068
            }
        }
    },
    "root_group": {
        "checks": [
            {
                "fails": 0,
                "name": "Status é 200",
                "path": "::Status é 200",
                "id": "9fc2989e4f5bce205ffc0afd55836aea",
                "passes": 5
            },
            {
                "fails": 0,
                "name": "Retornou lista de musicas",
                "path": "::Retornou lista de musicas",
                "id": "1890545c965bf1f2a10f5f986f98b32f",
                "passes": 5
            },
            {
                "name": "Filtro funcionou (termo encontrado)",
                "path": "::Filtro funcionou (termo encontrado)",
                "id": "ec0787579ea306ebc008d69b348f39d4",
                "passes": 5,
                "fails": 0
            }
        ],
        "name": "",
        "path": "",
        "id": "d41d8cd98f00b204e9800998ecf8427e",
        "groups": []
    }
}