{
    "metrics": {
        "data_received": {
            "contains": "data",
            "values": {
                "count": 4170,
                "rate": 502.5544542824705
            },
            "type": "counter"
        },
        "http_req_tls_handshaking": {
            "type": "trend",
            "contains": "time",
            "values": {
                "avg": 0,
                "min": 0,
                "med": 0,
                "max": 0,
                "p(90)": 0,
                "p(95)": 0
            }
        },
        "vus": {
            "contains": "default",
            "values": {
                "max": 1,
                "value": 1,
                "min": 1
            },
            "type": "gauge"
        },
        "http_req_sending": {
            "type": "trend",
            "contains": "time",
            "values": {
                "p(95)": 0.0866074,
                "avg": 0.057992,
                "min": 0.013816,
                "med": 0.067298,
                "max": 0.090681,
                "p(90)": 0.0825338
            }
        },
        "http_reqs": {
            "contains": "default",
            "values": {
                "count": 5,
                "rate": 0.6025832785161517
            },
            "type": "counter"
        },
        "http_req_duration{expected_response:true}": {
            "type": "trend",
            "contains": "time",
            "values": {
                "avg": 123.28193019999999,
                "min": 14.87817,
                "med": 70.92407,
                "max": 366.077944,
                "p(90)": 262.291012,
                "p(95)": 314.18447799999996
            }
        },
        "http_req_waiting": {
            "values": {
                "min": 14.703573,
                "med": 70.700044,
                "max": 365.774436,
                "p(90)": 262.0286724,
                "p(95)": 313.9015541999999,
                "avg": 123.0804674
            },
            "type": "trend",
            "contains": "time"
        },
        "http_req_blocked": {
            "type": "trend",
            "contains": "time",
            "values": {
                "min": 0.004181,
                "med": 0.015038,
                "max": 0.29258,
                "p(90)": 0.18283080000000002,
                "p(95)": 0.23770539999999993,
                "avg": 0.067151
            }
        },
        "vus_max": {
            "type": "gauge",
            "contains": "default",
            "values": {
                "value": 1,
                "min": 1,
                "max": 1
            }
        },
        "http_req_connecting": {
            "type": "trend",
            "contains": "time",
            "values": {
                "avg": 0.0423932,
                "min": 0,
                "med": 0,
                "max": 0.211966,
                "p(90)": 0.1271796,
                "p(95)": 0.16957279999999994
            }
        },
        "iteration_duration": {
            "contains": "time",
            "values": {
                "p(95)": 2001.2524912000001,
                "avg": 1659.4427604,
                "min": 1190.263142,
                "med": 1683.540435,
                "max": 2038.265687,
                "p(90)": 1964.2392954000002
            },
            "type": "trend"
        },
        "iterations": {
            "type": "counter",
            "contains": "default",
            "values": {
                "count": 5,
                "rate": 0.6025832785161517
            }
        },
        "data_sent": {
            "type": "counter",
            "contains": "data",
            "values": {
                "count": 521,
                "rate": 62.789177621383004
            }
        },
        "checks": {
            "type": "rate",
            "contains": "default",
            "values": {
                "fails": 0,
                "rate": 1,
                "passes": 15
            },
            "thresholds": {
                "rate>0.85": {
                    "ok": true
                }
            }
        },
        "http_req_failed": {
            "type": "rate",
            "contains": "default",
            "values": {
                "rate": 0,
                "passes": 0,
                "fails": 5
            }
        },
        "http_req_duration": {
            "type": "trend",
            "contains": "time",
            "values": {
                "avg": 123.28193019999999,
                "min": 14.87817,
                "med": 70.92407,
                "max": 366.077944,
                "p(90)": 262.291012,
                "p(95)": 314.18447799999996
            }
        },
        "http_req_receiving": {
            "type": "trend",
            "contains": "time",
            "values": {
                "med": 0.133289,
                "max": 0.255656,
                "p(90)": 0.2148788,
                "p(95)": 0.23526739999999996,
                "avg": 0.14347079999999998,
                "min": 0.083916
            }
        }
    },
    "root_group": {
        "name": "",
        "path": "",
        "id": "d41d8cd98f00b204e9800998ecf8427e",
        "groups": [],
        "checks": [
                {
                    "name": "Status é 200",
                    "path": "::Status é 200",
                    "id": "9fc2989e4f5bce205ffc0afd55836aea",
                    "passes": 5,
                    "fails": 0
                },
                {
                    "name": "Retornou lista de musicas",
                    "path": "::Retornou lista de musicas",
                    "id": "1890545c965bf1f2a10f5f986f98b32f",
                    "passes": 5,
                    "fails": 0
                },
                {
                    "path": "::Filtro funcionou (termo encontrado)",
                    "id": "ec0787579ea306ebc008d69b348f39d4",
                    "passes": 5,
                    "fails": 0,
                    "name": "Filtro funcionou (termo encontrado)"
                }
            ]
    },
    "options": {
        "noColor": false,
        "summaryTrendStats": [
            "avg",
            "min",
            "med",
            "max",
            "p(90)",
            "p(95)"
        ],
        "summaryTimeUnit": ""
    },
    "state": {
        "isStdOutTTY": false,
        "isStdErrTTY": false,
        "testRunDurationMs": 8297.608278
    }
}