{
    "metrics": {
        "http_req_receiving": {
            "type": "trend",
            "contains": "time",
            "values": {
                "avg": 0.2760336,
                "min": 0.11829,
                "med": 0.161457,
                "max": 0.780543,
                "p(90)": 0.536373,
                "p(95)": 0.6584579999999999
            }
        },
        "iteration_duration": {
            "contains": "time",
            "values": {
                "avg": 1264.1652066000001,
                "min": 748.719386,
                "med": 1111.330368,
                "max": 1927.676807,
                "p(90)": 1728.2039554,
                "p(95)": 1827.9403812
            },
            "type": "trend"
        },
        "iterations": {
            "values": {
                "count": 5,
                "rate": 0.7909943063192046
            },
            "type": "counter",
            "contains": "default"
        },
        "http_req_connecting": {
            "values": {
                "avg": 0.0445566,
                "min": 0,
                "med": 0,
                "max": 0.222783,
                "p(90)": 0.13366980000000003,
                "p(95)": 0.17822639999999998
            },
            "type": "trend",
            "contains": "time"
        },
        "http_req_sending": {
            "values": {
                "max": 0.051861,
                "p(90)": 0.049280199999999996,
                "p(95)": 0.05057059999999999,
                "avg": 0.0383202,
                "min": 0.020875,
                "med": 0.038433
            },
            "type": "trend",
            "contains": "time"
        },
        "http_req_failed": {
            "values": {
                "rate": 0,
                "passes": 0,
                "fails": 5
            },
            "type": "rate",
            "contains": "default"
        },
        "http_reqs": {
            "type": "counter",
            "contains": "default",
            "values": {
                "rate": 0.7909943063192046,
                "count": 5
            }
        },
        "http_req_waiting": {
            "type": "trend",
            "contains": "time",
            "values": {
                "min": 15.105651,
                "med": 63.830076,
                "max": 184.914096,
                "p(90)": 169.8618912,
                "p(95)": 177.3879936,
                "avg": 85.7559454
            }
        },
        "vus": {
            "values": {
                "value": 1,
                "min": 1,
                "max": 1
            },
            "type": "gauge",
            "contains": "default"
        },
        "http_req_blocked": {
            "values": {
                "avg": 0.0657576,
                "min": 0.006786,
                "med": 0.015007,
                "max": 0.277083,
                "p(90)": 0.17522580000000004,
                "p(95)": 0.22615439999999998
            },
            "type": "trend",
            "contains": "time"
        },
        "http_req_duration": {
            "values": {
                "avg": 86.0702992,
                "min": 15.26935,
                "med": 64.000711,
                "max": 185.119237,
                "p(90)": 170.0649318,
                "p(95)": 177.5920844
            },
            "type": "trend",
            "contains": "time"
        },
        "http_req_duration{expected_response:true}": {
            "type": "trend",
            "contains": "time",
            "values": {
                "avg": 86.0702992,
                "min": 15.26935,
                "med": 64.000711,
                "max": 185.119237,
                "p(90)": 170.0649318,
                "p(95)": 177.5920844
            }
        },
        "data_received": {
            "type": "counter",
            "contains": "data",
            "values": {
                "count": 4170,
                "rate": 659.6892514702167
            }
        },
        "vus_max": {
            "type": "gauge",
            "contains": "default",
            "values": {
                "value": 1,
                "min": 1,
                "max": 1
            }
        },
        "checks": {
            "type": "rate",
            "contains": "default",
            "values": {
                "rate": 1,
                "passes": 15,
                "fails": 0
            },
            "thresholds": {
                "rate>0.85": {
                    "ok": true
                }
            }
        },
        "http_req_tls_handshaking": {
            "contains": "time",
            "values": {
                "p(95)": 0,
                "avg": 0,
                "min": 0,
                "med": 0,
                "max": 0,
                "p(90)": 0
            },
            "type": "trend"
        },
        "data_sent": {
            "type": "counter",
            "contains": "data",
            "values": {
                "count": 530,
                "rate": 83.84539646983569
            }
        }
    },
    "root_group": {
        "groups": [],
        "checks": [
                {
                    "name": "Status é 200",
                    "path": "::Status é 200",
                    "id": "9fc2989e4f5bce205ffc0afd55836aea",
                    "passes": 5,
                    "fails": 0
                },
                {
                    "name": "Retornou lista de musicas",
                    "path": "::Retornou lista de musicas",
                    "id": "1890545c965bf1f2a10f5f986f98b32f",
                    "passes": 5,
                    "fails": 0
                },
                {
                    "id": "ec0787579ea306ebc008d69b348f39d4",
                    "passes": 5,
                    "fails": 0,
                    "name": "Filtro funcionou (termo encontrado)",
                    "path": "::Filtro funcionou (termo encontrado)"
                }
            ],
        "name": "",
        "path": "",
        "id": "d41d8cd98f00b204e9800998ecf8427e"
    },
    "options": {
        "summaryTrendStats": [
            "avg",
            "min",
            "med",
            "max",
            "p(90)",
            "p(95)"
        ],
        "summaryTimeUnit": "",
        "noColor": false
    },
    "state": {
        "isStdOutTTY": false,
        "isStdErrTTY": false,
        "testRunDurationMs": 6321.158016
    }
}