{
    "metrics": {
        "http_req_receiving": {
            "type": "trend",
            "contains": "time",
            "values": {
                "avg": 0.24016059999999997,
                "min": 0.127843,
                "med": 0.14916,
                "max": 0.43077,
                "p(90)": 0.4035528,
                "p(95)": 0.41716139999999996
            }
        },
        "http_req_blocked": {
            "type": "trend",
            "contains": "time",
            "values": {
                "max": 0.544662,
                "p(90)": 0.33767880000000006,
                "p(95)": 0.4411703999999999,
                "avg": 0.12141179999999999,
                "min": 0.009639,
                "med": 0.014616
            }
        },
        "http_req_waiting": {
            "type": "trend",
            "contains": "time",
            "values": {
                "avg": 82.4099368,
                "min": 11.357263,
                "med": 75.922766,
                "max": 172.960288,
                "p(90)": 135.33395960000001,
                "p(95)": 154.14712379999997
            }
        },
        "http_req_duration{expected_response:true}": {
            "type": "trend",
            "contains": "time",
            "values": {
                "avg": 82.73849759999999,
                "min": 11.666968,
                "med": 76.126038,
                "max": 173.225144,
                "p(90)": 135.653262,
                "p(95)": 154.43920299999996
            }
        },
        "http_reqs": {
            "type": "counter",
            "contains": "default",
            "values": {
                "count": 5,
                "rate": 0.7211988580469201
            }
        },
        "http_req_duration": {
            "type": "trend",
            "contains": "time",
            "values": {
                "max": 173.225144,
                "p(90)": 135.653262,
                "p(95)": 154.43920299999996,
                "avg": 82.73849759999999,
                "min": 11.666968,
                "med": 76.126038
            }
        },
        "vus": {
            "type": "gauge",
            "contains": "default",
            "values": {
                "min": 1,
                "max": 1,
                "value": 1
            }
        },
        "http_req_tls_handshaking": {
            "type": "trend",
            "contains": "time",
            "values": {
                "p(90)": 0,
                "p(95)": 0,
                "avg": 0,
                "min": 0,
                "med": 0,
                "max": 0
            }
        },
        "iterations": {
            "type": "counter",
            "contains": "default",
            "values": {
                "count": 5,
                "rate": 0.7211988580469201
            }
        },
        "http_req_connecting": {
            "type": "trend",
            "contains": "time",
            "values": {
                "avg": 0.0665298,
                "min": 0,
                "med": 0,
                "max": 0.332649,
                "p(90)": 0.1995894,
                "p(95)": 0.26611919999999994
            }
        },
        "vus_max": {
            "type": "gauge",
            "contains": "default",
            "values": {
                "value": 1,
                "min": 1,
                "max": 1
            }
        },
        "http_req_failed": {
            "type": "rate",
            "contains": "default",
            "values": {
                "rate": 0,
                "passes": 0,
                "fails": 5
            }
        },
        "iteration_duration": {
            "type": "trend",
            "contains": "time",
            "values": {
                "max": 2020.27003,
                "p(90)": 1916.3041312,
                "p(95)": 1968.2870805999999,
                "avg": 1386.4455412,
                "min": 655.573479,
                "med": 1414.690325
            }
        },
        "checks": {
            "contains": "default",
            "values": {
                "rate": 1,
                "passes": 15,
                "fails": 0
            },
            "thresholds": {
                "rate>0.85": {
                    "ok": true
                }
            },
            "type": "rate"
        },
        "data_sent": {
            "type": "counter",
            "contains": "data",
            "values": {
                "count": 524,
                "rate": 75.58164032331723
            }
        },
        "data_received": {
            "type": "counter",
            "contains": "data",
            "values": {
                "count": 4170,
                "rate": 601.4798476111314
            }
        },
        "http_req_sending": {
            "type": "trend",
            "contains": "time",
            "values": {
                "p(95)": 0.1724002,
                "avg": 0.0884002,
                "min": 0.033229,
                "med": 0.054112,
                "max": 0.181862,
                "p(90)": 0.1629384
            }
        }
    },
    "root_group": {
        "name": "",
        "path": "",
        "id": "d41d8cd98f00b204e9800998ecf8427e",
        "groups": [],
        "checks": [
                {
                    "fails": 0,
                    "name": "Status é 200",
                    "path": "::Status é 200",
                    "id": "9fc2989e4f5bce205ffc0afd55836aea",
                    "passes": 5
                },
                {
                    "path": "::Retornou lista de musicas",
                    "id": "1890545c965bf1f2a10f5f986f98b32f",
                    "passes": 5,
                    "fails": 0,
                    "name": "Retornou lista de musicas"
                },
                {
                    "name": "Filtro funcionou (termo encontrado)",
                    "path": "::Filtro funcionou (termo encontrado)",
                    "id": "ec0787579ea306ebc008d69b348f39d4",
                    "passes": 5,
                    "fails": 0
                }
            ]
    },
    "options": {
        "summaryTrendStats": [
            "avg",
            "min",
            "med",
            "max",
            "p(90)",
            "p(95)"
        ],
        "summaryTimeUnit": "",
        "noColor": false
    },
    "state": {
        "isStdErrTTY": false,
        "testRunDurationMs": 6932.900606,
        "isStdOutTTY": false
    }
}