{
    "state": {
        "isStdOutTTY": false,
        "isStdErrTTY": false,
        "testRunDurationMs": 20920.339676
    },
    "metrics": {
        "http_req_connecting": {
            "values": {
                "p(95)": 0.17201030000000017,
                "avg": 0.026762736111111112,
                "min": 0,
                "med": 0,
                "max": 0.53575,
                "p(90)": 0
            },
            "type": "trend",
            "contains": "time"
        },
        "http_req_waiting": {
            "type": "trend",
            "contains": "time",
            "values": {
                "avg": 11.804676666666667,
                "min": 7.437391,
                "med": 11.015307,
                "max": 75.409499,
                "p(90)": 12.9479776,
                "p(95)": 13.839780800000003
            }
        },
        "data_received": {
            "type": "counter",
            "contains": "data",
            "values": {
                "count": 142354,
                "rate": 6804.574027223362
            }
        },
        "iteration_duration": {
            "values": {
                "p(95)": 1855.0834140000002,
                "avg": 1139.9887526760565,
                "min": 534.085237,
                "med": 1000.553957,
                "max": 1954.041707,
                "p(90)": 1781.424923
            },
            "type": "trend",
            "contains": "time"
        },
        "http_req_sending": {
            "type": "trend",
            "contains": "time",
            "values": {
                "avg": 0.05523634722222222,
                "min": 0.014069,
                "med": 0.0485785,
                "max": 0.244485,
                "p(90)": 0.0726169,
                "p(95)": 0.10468975000000019
            }
        },
        "data_sent": {
            "type": "counter",
            "contains": "data",
            "values": {
                "count": 23692,
                "rate": 1132.4863920436087
            }
        },
        "checks": {
            "type": "rate",
            "contains": "default",
            "values": {
                "passes": 213,
                "fails": 0,
                "rate": 1
            }
        },
        "http_req_failed": {
            "type": "rate",
            "contains": "default",
            "values": {
                "passes": 0,
                "fails": 72,
                "rate": 0
            }
        },
        "http_req_tls_handshaking": {
            "type": "trend",
            "contains": "time",
            "values": {
                "min": 0,
                "med": 0,
                "max": 0,
                "p(90)": 0,
                "p(95)": 0,
                "avg": 0
            }
        },
        "http_req_duration{expected_response:true}": {
            "type": "trend",
            "contains": "time",
            "values": {
                "p(90)": 13.1531618,
                "p(95)": 14.103681000000002,
                "avg": 11.959990527777773,
                "min": 7.529403,
                "med": 11.1867595,
                "max": 75.666482
            }
        },
        "http_reqs": {
            "type": "counter",
            "contains": "default",
            "values": {
                "count": 72,
                "rate": 3.4416267190249803
            }
        },
        "vus": {
            "type": "gauge",
            "contains": "default",
            "values": {
                "value": 1,
                "min": 1,
                "max": 5
            }
        },
        "iterations": {
            "type": "counter",
            "contains": "default",
            "values": {
                "count": 71,
                "rate": 3.393826347927411
            }
        },
        "http_req_duration": {
            "type": "trend",
            "contains": "time",
            "values": {
                "max": 75.666482,
                "p(90)": 13.1531618,
                "p(95)": 14.103681000000002,
                "avg": 11.959990527777773,
                "min": 7.529403,
                "med": 11.1867595
            }
        },
        "vus_max": {
            "type": "gauge",
            "contains": "default",
            "values": {
                "value": 5,
                "min": 5,
                "max": 5
            }
        },
        "http_req_blocked": {
            "contains": "time",
            "values": {
                "avg": 0.052578722222222235,
                "min": 0.005197,
                "med": 0.013845,
                "max": 0.709758,
                "p(90)": 0.028852899999999994,
                "p(95)": 0.33758375000000046
            },
            "type": "trend"
        },
        "http_req_receiving": {
            "type": "trend",
            "contains": "time",
            "values": {
                "avg": 0.1000775138888889,
                "min": 0.047658,
                "med": 0.098672,
                "max": 0.292286,
                "p(90)": 0.139503,
                "p(95)": 0.17768455000000005
            }
        },
        "http_req_duration{name:ListMusicas}": {
            "type": "trend",
            "contains": "time",
            "values": {
                "p(90)": 13.078901,
                "p(95)": 13.731387999999999,
                "avg": 11.062715999999998,
                "min": 7.529403,
                "med": 11.164905,
                "max": 14.836305
            },
            "thresholds": {
                "p(95)<500": {
                    "ok": true
                }
            }
        }
    },
    "setup_data": "eyJhbGciOiJIUzI1NiIsInR5cCI6IkpXVCJ9.eyJ1c2VySWQiOjEsInVzZXJuYW1lIjoiYWRtaW4iLCJyb2xlIjoiYWRtaW4iLCJpYXQiOjE3ODA0ODMxNjEsImV4cCI6MTc4MDQ4Njc2MX0.sTsddhQuxbtkP5p-_gYp_EpMNY1ZbIn47Qoc7Bu73Yg",
    "root_group": {
        "name": "",
        "path": "",
        "id": "d41d8cd98f00b204e9800998ecf8427e",
        "groups": [],
        "checks": [
                {
                    "id": "b16e99ca05db78d0783cae331c9a2805",
                    "passes": 71,
                    "fails": 0,
                    "name": "status é 200",
                    "path": "::status é 200"
                },
                {
                    "path": "::retornou lista (array)",
                    "id": "c9a3a5c935e147d722f6f3a8638fe865",
                    "passes": 71,
                    "fails": 0,
                    "name": "retornou lista (array)"
                },
                {
                    "id": "d955d0e5bf13bddb86875cf8e1afdb5a",
                    "passes": 71,
                    "fails": 0,
                    "name": "tempo de resposta < 300ms",
                    "path": "::tempo de resposta < 300ms"
                }
            ]
    },
    "options": {
        "summaryTrendStats": [
            "avg",
            "min",
            "med",
            "max",
            "p(90)",
            "p(95)"
        ],
        "summaryTimeUnit": "",
        "noColor": false
    }
}