{
    "metrics": {
        "http_req_blocked": {
            "type": "trend",
            "contains": "time",
            "values": {
                "med": 0.007338,
                "max": 0.310202,
                "p(90)": 0.1971324,
                "p(95)": 0.2536671999999999,
                "avg": 0.07169319999999998,
                "min": 0.006082
            }
        },
        "http_req_tls_handshaking": {
            "type": "trend",
            "contains": "time",
            "values": {
                "min": 0,
                "med": 0,
                "max": 0,
                "p(90)": 0,
                "p(95)": 0,
                "avg": 0
            }
        },
        "iterations": {
            "values": {
                "count": 5,
                "rate": 0.755912213550147
            },
            "type": "counter",
            "contains": "default"
        },
        "http_req_sending": {
            "type": "trend",
            "contains": "time",
            "values": {
                "med": 0.025574,
                "max": 0.07448,
                "p(90)": 0.0690232,
                "p(95)": 0.0717516,
                "avg": 0.0407022,
                "min": 0.020249
            }
        },
        "data_received": {
            "values": {
                "count": 4170,
                "rate": 630.4307861008226
            },
            "type": "counter",
            "contains": "data"
        },
        "http_req_duration": {
            "type": "trend",
            "contains": "time",
            "values": {
                "avg": 76.6337972,
                "min": 13.260194,
                "med": 66.843071,
                "max": 171.263093,
                "p(90)": 130.1711478,
                "p(95)": 150.7171204
            }
        },
        "iteration_duration": {
            "type": "trend",
            "contains": "time",
            "values": {
                "min": 860.741527,
                "med": 1347.87615,
                "max": 1671.837862,
                "p(90)": 1573.1371632,
                "p(95)": 1622.4875126,
                "avg": 1322.7580596000003
            }
        },
        "http_req_connecting": {
            "type": "trend",
            "contains": "time",
            "values": {
                "avg": 0.044038,
                "min": 0,
                "med": 0,
                "max": 0.22019,
                "p(90)": 0.132114,
                "p(95)": 0.17615199999999995
            }
        },
        "checks": {
            "type": "rate",
            "contains": "default",
            "values": {
                "rate": 1,
                "passes": 15,
                "fails": 0
            },
            "thresholds": {
                "rate>0.85": {
                    "ok": true
                }
            }
        },
        "http_req_failed": {
            "type": "rate",
            "contains": "default",
            "values": {
                "rate": 0,
                "passes": 0,
                "fails": 5
            }
        },
        "http_req_receiving": {
            "values": {
                "avg": 0.1254588,
                "min": 0.067338,
                "med": 0.090924,
                "max": 0.27628,
                "p(90)": 0.21103840000000001,
                "p(95)": 0.2436592
            },
            "type": "trend",
            "contains": "time"
        },
        "vus_max": {
            "type": "gauge",
            "contains": "default",
            "values": {
                "min": 1,
                "max": 1,
                "value": 1
            }
        },
        "http_req_waiting": {
            "type": "trend",
            "contains": "time",
            "values": {
                "p(90)": 130.025961,
                "p(95)": 150.55751999999998,
                "avg": 76.4676362,
                "min": 13.118376,
                "med": 66.546542,
                "max": 171.089079
            }
        },
        "vus": {
            "type": "gauge",
            "contains": "default",
            "values": {
                "value": 1,
                "min": 1,
                "max": 1
            }
        },
        "data_sent": {
            "type": "counter",
            "contains": "data",
            "values": {
                "count": 521,
                "rate": 78.76605265192532
            }
        },
        "http_reqs": {
            "contains": "default",
            "values": {
                "rate": 0.755912213550147,
                "count": 5
            },
            "type": "counter"
        },
        "http_req_duration{expected_response:true}": {
            "contains": "time",
            "values": {
                "p(90)": 130.1711478,
                "p(95)": 150.7171204,
                "avg": 76.6337972,
                "min": 13.260194,
                "med": 66.843071,
                "max": 171.263093
            },
            "type": "trend"
        }
    },
    "root_group": {
        "name": "",
        "path": "",
        "id": "d41d8cd98f00b204e9800998ecf8427e",
        "groups": [],
        "checks": [
                {
                    "path": "::Status é 200",
                    "id": "9fc2989e4f5bce205ffc0afd55836aea",
                    "passes": 5,
                    "fails": 0,
                    "name": "Status é 200"
                },
                {
                    "name": "Retornou lista de musicas",
                    "path": "::Retornou lista de musicas",
                    "id": "1890545c965bf1f2a10f5f986f98b32f",
                    "passes": 5,
                    "fails": 0
                },
                {
                    "name": "Filtro funcionou (termo encontrado)",
                    "path": "::Filtro funcionou (termo encontrado)",
                    "id": "ec0787579ea306ebc008d69b348f39d4",
                    "passes": 5,
                    "fails": 0
                }
            ]
    },
    "options": {
        "summaryTrendStats": [
            "avg",
            "min",
            "med",
            "max",
            "p(90)",
            "p(95)"
        ],
        "summaryTimeUnit": "",
        "noColor": false
    },
    "state": {
        "isStdOutTTY": false,
        "isStdErrTTY": false,
        "testRunDurationMs": 6614.52469
    }
}