{
    "options": {
        "summaryTrendStats": [
            "avg",
            "min",
            "med",
            "max",
            "p(90)",
            "p(95)"
        ],
        "summaryTimeUnit": "",
        "noColor": false
    },
    "state": {
        "testRunDurationMs": 3180.781841,
        "isStdOutTTY": true,
        "isStdErrTTY": true
    },
    "metrics": {
        "checks": {
            "contains": "default",
            "values": {
                "fails": 0,
                "rate": 1,
                "passes": 4
            },
            "thresholds": {
                "rate==1.0": {
                    "ok": true
                }
            },
            "type": "rate"
        },
        "http_req_waiting": {
            "type": "trend",
            "contains": "time",
            "values": {
                "max": 47.269797,
                "p(90)": 47.0920704,
                "p(95)": 47.1809337,
                "avg": 46.381164,
                "min": 45.492531,
                "med": 46.381164
            }
        },
        "http_req_failed": {
            "type": "rate",
            "contains": "default",
            "values": {
                "passes": 0,
                "fails": 2,
                "rate": 0
            }
        },
        "http_req_duration": {
            "type": "trend",
            "contains": "time",
            "values": {
                "med": 46.684040499999995,
                "max": 47.490589,
                "p(90)": 47.329279299999996,
                "p(95)": 47.40993415,
                "avg": 46.684040499999995,
                "min": 45.877492
            }
        },
        "http_req_duration{expected_response:true}": {
            "values": {
                "avg": 46.684040499999995,
                "min": 45.877492,
                "med": 46.684040499999995,
                "max": 47.490589,
                "p(90)": 47.329279299999996,
                "p(95)": 47.40993415
            },
            "type": "trend",
            "contains": "time"
        },
        "http_req_receiving": {
            "type": "trend",
            "contains": "time",
            "values": {
                "max": 0.279535,
                "p(90)": 0.2695421,
                "p(95)": 0.27453855,
                "avg": 0.22957049999999998,
                "min": 0.179606,
                "med": 0.22957049999999998
            }
        },
        "data_sent": {
            "values": {
                "count": 192,
                "rate": 60.36251764429009
            },
            "type": "counter",
            "contains": "data"
        },
        "http_reqs": {
            "type": "counter",
            "contains": "default",
            "values": {
                "count": 2,
                "rate": 0.628776225461355
            }
        },
        "http_req_tls_handshaking": {
            "type": "trend",
            "contains": "time",
            "values": {
                "avg": 0,
                "min": 0,
                "med": 0,
                "max": 0,
                "p(90)": 0,
                "p(95)": 0
            }
        },
        "http_req_sending": {
            "type": "trend",
            "contains": "time",
            "values": {
                "p(90)": 0.099002,
                "p(95)": 0.102214,
                "avg": 0.07330600000000001,
                "min": 0.041186,
                "med": 0.07330600000000001,
                "max": 0.105426
            }
        },
        "vus": {
            "type": "gauge",
            "contains": "default",
            "values": {
                "value": 1,
                "min": 1,
                "max": 1
            }
        },
        "http_req_connecting": {
            "type": "trend",
            "contains": "time",
            "values": {
                "avg": 0.1069635,
                "min": 0,
                "med": 0.1069635,
                "max": 0.213927,
                "p(90)": 0.19253430000000002,
                "p(95)": 0.20323064999999998
            }
        },
        "iterations": {
            "type": "counter",
            "contains": "default",
            "values": {
                "count": 1,
                "rate": 0.3143881127306775
            }
        },
        "iteration_duration": {
            "values": {
                "avg": 3180.582626,
                "min": 3180.582626,
                "med": 3180.582626,
                "max": 3180.582626,
                "p(90)": 3180.582626,
                "p(95)": 3180.582626
            },
            "type": "trend",
            "contains": "time"
        },
        "vus_max": {
            "type": "gauge",
            "contains": "default",
            "values": {
                "max": 1,
                "value": 1,
                "min": 1
            }
        },
        "data_received": {
            "type": "counter",
            "contains": "data",
            "values": {
                "count": 2255,
                "rate": 708.9451942076778
            }
        },
        "http_req_blocked": {
            "type": "trend",
            "contains": "time",
            "values": {
                "p(95)": 0.28521369999999996,
                "avg": 0.155404,
                "min": 0.011171,
                "med": 0.155404,
                "max": 0.299637,
                "p(90)": 0.2707904
            }
        }
    },
    "root_group": {
        "groups": [],
        "checks": [
                {
                    "id": "2502e4c3555b17056ef38557122fe1ce",
                    "passes": 1,
                    "fails": 0,
                    "name": "Página 1: status 200",
                    "path": "::Página 1: status 200"
                },
                {
                    "fails": 0,
                    "name": "Página 1: retornou dados",
                    "path": "::Página 1: retornou dados",
                    "id": "bdd9bc07061e34db569b93fe35dfdd73",
                    "passes": 1
                },
                {
                    "name": "Página 2: status 200",
                    "path": "::Página 2: status 200",
                    "id": "dfd40fd0c2e85f188219fd4b9d4954f1",
                    "passes": 1,
                    "fails": 0
                },
                {
                    "id": "47c09ed85c42d45dd128860566f67961",
                    "passes": 1,
                    "fails": 0,
                    "name": "Página 2: retornou dados",
                    "path": "::Página 2: retornou dados"
                }
            ],
        "name": "",
        "path": "",
        "id": "d41d8cd98f00b204e9800998ecf8427e"
    }
}