{
    "metrics": {
        "iterations": {
            "type": "counter",
            "contains": "default",
            "values": {
                "count": 5,
                "rate": 0.9892580449671391
            }
        },
        "http_req_blocked": {
            "type": "trend",
            "contains": "time",
            "values": {
                "avg": 0.0842332,
                "min": 0.010938,
                "med": 0.011146,
                "max": 0.376051,
                "p(90)": 0.23046180000000008,
                "p(95)": 0.3032563999999999
            }
        },
        "http_req_duration{expected_response:true}": {
            "type": "trend",
            "contains": "time",
            "values": {
                "avg": 9.7230426,
                "min": 6.970995,
                "med": 10.015203,
                "max": 11.680068,
                "p(90)": 11.3763572,
                "p(95)": 11.5282126
            }
        },
        "http_req_tls_handshaking": {
            "contains": "time",
            "values": {
                "avg": 0,
                "min": 0,
                "med": 0,
                "max": 0,
                "p(90)": 0,
                "p(95)": 0
            },
            "type": "trend"
        },
        "iteration_duration": {
            "type": "trend",
            "contains": "time",
            "values": {
                "p(90)": 1012.6454268,
                "p(95)": 1012.7998713999999,
                "avg": 1010.781277,
                "min": 1008.239338,
                "med": 1010.628916,
                "max": 1012.954316
            }
        },
        "http_reqs": {
            "type": "counter",
            "contains": "default",
            "values": {
                "count": 5,
                "rate": 0.9892580449671391
            }
        },
        "vus": {
            "type": "gauge",
            "contains": "default",
            "values": {
                "min": 1,
                "max": 1,
                "value": 1
            }
        },
        "http_req_sending": {
            "type": "trend",
            "contains": "time",
            "values": {
                "avg": 0.044886999999999996,
                "min": 0.030499,
                "med": 0.03458,
                "max": 0.07695,
                "p(90)": 0.06621880000000001,
                "p(95)": 0.07158439999999999
            }
        },
        "vus_max": {
            "values": {
                "value": 1,
                "min": 1,
                "max": 1
            },
            "type": "gauge",
            "contains": "default"
        },
        "http_req_failed": {
            "type": "rate",
            "contains": "default",
            "values": {
                "rate": 0,
                "passes": 0,
                "fails": 5
            }
        },
        "data_received": {
            "type": "counter",
            "contains": "data",
            "values": {
                "count": 2950,
                "rate": 583.662246530612
            }
        },
        "http_req_waiting": {
            "contains": "time",
            "values": {
                "avg": 9.5104786,
                "min": 6.742185,
                "med": 9.87585,
                "max": 11.505276,
                "p(90)": 11.1472188,
                "p(95)": 11.3262474
            },
            "type": "trend"
        },
        "http_req_receiving": {
            "type": "trend",
            "contains": "time",
            "values": {
                "p(90)": 0.23641600000000002,
                "p(95)": 0.256247,
                "avg": 0.167677,
                "min": 0.108854,
                "med": 0.15186,
                "max": 0.276078
            }
        },
        "http_req_duration": {
            "contains": "time",
            "values": {
                "min": 6.970995,
                "med": 10.015203,
                "max": 11.680068,
                "p(90)": 11.3763572,
                "p(95)": 11.5282126,
                "avg": 9.7230426
            },
            "thresholds": {
                "p(95)<500": {
                    "ok": true
                }
            },
            "type": "trend"
        },
        "data_sent": {
            "values": {
                "count": 484,
                "rate": 95.76017875281906
            },
            "type": "counter",
            "contains": "data"
        },
        "http_req_connecting": {
            "type": "trend",
            "contains": "time",
            "values": {
                "p(90)": 0.16030980000000003,
                "p(95)": 0.21374639999999995,
                "avg": 0.0534366,
                "min": 0,
                "med": 0,
                "max": 0.267183
            }
        },
        "checks": {
            "contains": "default",
            "values": {
                "rate": 1,
                "passes": 15,
                "fails": 0
            },
            "thresholds": {
                "rate==1.0": {
                    "ok": true
                }
            },
            "type": "rate"
        }
    },
    "root_group": {
        "name": "",
        "path": "",
        "id": "d41d8cd98f00b204e9800998ecf8427e",
        "groups": [],
        "checks": [
                {
                    "id": "9fc2989e4f5bce205ffc0afd55836aea",
                    "passes": 5,
                    "fails": 0,
                    "name": "Status é 200",
                    "path": "::Status é 200"
                },
                {
                    "name": "Retornou lista de músicas",
                    "path": "::Retornou lista de músicas",
                    "id": "791fa28b2b55438600dfb4d5b36f5d42",
                    "passes": 5,
                    "fails": 0
                },
                {
                    "id": "c7d55832ff4a05f54945f4751b9bbd3e",
                    "passes": 5,
                    "fails": 0,
                    "name": "Busca funcionou (título contém termo)",
                    "path": "::Busca funcionou (título contém termo)"
                }
            ]
    },
    "options": {
        "summaryTimeUnit": "",
        "noColor": false,
        "summaryTrendStats": [
            "avg",
            "min",
            "med",
            "max",
            "p(90)",
            "p(95)"
        ]
    },
    "state": {
        "testRunDurationMs": 5054.292988,
        "isStdOutTTY": true,
        "isStdErrTTY": true
    }
}