{
    "state": {
        "isStdOutTTY": true,
        "isStdErrTTY": true,
        "testRunDurationMs": 7794.508576
    },
    "metrics": {
        "iteration_duration": {
            "contains": "time",
            "values": {
                "avg": 1558.8115764,
                "min": 731.357161,
                "med": 1078.247762,
                "max": 2688.871022,
                "p(90)": 2541.5936848,
                "p(95)": 2615.2323533999997
            },
            "type": "trend"
        },
        "http_req_duration": {
            "thresholds": {
                "p(95)<500": {
                    "ok": true
                }
            },
            "type": "trend",
            "contains": "time",
            "values": {
                "med": 357.292335,
                "max": 525.899871,
                "p(90)": 473.9778314,
                "p(95)": 499.93885119999993,
                "avg": 286.5583186,
                "min": 66.59997
            }
        },
        "http_req_receiving": {
            "type": "trend",
            "contains": "time",
            "values": {
                "avg": 0.100658,
                "min": 0.094844,
                "med": 0.098574,
                "max": 0.111009,
                "p(90)": 0.10779659999999999,
                "p(95)": 0.1094028
            }
        },
        "data_sent": {
            "values": {
                "count": 477,
                "rate": 61.19693055040395
            },
            "type": "counter",
            "contains": "data"
        },
        "http_reqs": {
            "type": "counter",
            "contains": "default",
            "values": {
                "count": 5,
                "rate": 0.6414772594381966
            }
        },
        "http_req_tls_handshaking": {
            "contains": "time",
            "values": {
                "avg": 0,
                "min": 0,
                "med": 0,
                "max": 0,
                "p(90)": 0,
                "p(95)": 0
            },
            "type": "trend"
        },
        "http_req_sending": {
            "type": "trend",
            "contains": "time",
            "values": {
                "p(95)": 0.0743884,
                "avg": 0.052093600000000004,
                "min": 0.035121,
                "med": 0.048632,
                "max": 0.080795,
                "p(90)": 0.06798180000000001
            }
        },
        "http_req_waiting": {
            "type": "trend",
            "contains": "time",
            "values": {
                "avg": 286.40556699999996,
                "min": 66.416197,
                "med": 357.161329,
                "max": 525.756395,
                "p(90)": 473.8278374,
                "p(95)": 499.7921162
            }
        },
        "iterations": {
            "type": "counter",
            "contains": "default",
            "values": {
                "count": 5,
                "rate": 0.6414772594381966
            }
        },
        "checks": {
            "type": "rate",
            "contains": "default",
            "values": {
                "rate": 1,
                "passes": 15,
                "fails": 0
            },
            "thresholds": {
                "rate==1.0": {
                    "ok": true
                }
            }
        },
        "http_req_failed": {
            "type": "rate",
            "contains": "default",
            "values": {
                "fails": 5,
                "rate": 0,
                "passes": 0
            }
        },
        "data_received": {
            "type": "counter",
            "contains": "data",
            "values": {
                "count": 4170,
                "rate": 534.9920343714559
            }
        },
        "http_req_blocked": {
            "type": "trend",
            "contains": "time",
            "values": {
                "med": 0.013779,
                "max": 0.400397,
                "p(90)": 0.25014900000000007,
                "p(95)": 0.3252729999999999,
                "avg": 0.09203199999999999,
                "min": 0.009932
            }
        },
        "http_req_duration{expected_response:true}": {
            "type": "trend",
            "contains": "time",
            "values": {
                "max": 525.899871,
                "p(90)": 473.9778314,
                "p(95)": 499.93885119999993,
                "avg": 286.5583186,
                "min": 66.59997,
                "med": 357.292335
            }
        },
        "http_req_connecting": {
            "type": "trend",
            "contains": "time",
            "values": {
                "avg": 0.059146,
                "min": 0,
                "med": 0,
                "max": 0.29573,
                "p(90)": 0.177438,
                "p(95)": 0.23658399999999993
            }
        },
        "vus": {
            "values": {
                "value": 1,
                "min": 1,
                "max": 1
            },
            "type": "gauge",
            "contains": "default"
        },
        "vus_max": {
            "type": "gauge",
            "contains": "default",
            "values": {
                "min": 1,
                "max": 1,
                "value": 1
            }
        }
    },
    "root_group": {
        "path": "",
        "id": "d41d8cd98f00b204e9800998ecf8427e",
        "groups": [],
        "checks": [
                {
                    "name": "Status é 200",
                    "path": "::Status é 200",
                    "id": "9fc2989e4f5bce205ffc0afd55836aea",
                    "passes": 5,
                    "fails": 0
                },
                {
                    "fails": 0,
                    "name": "Retornou lista de músicas",
                    "path": "::Retornou lista de músicas",
                    "id": "791fa28b2b55438600dfb4d5b36f5d42",
                    "passes": 5
                },
                {
                    "name": "Busca funcionou (título contém termo)",
                    "path": "::Busca funcionou (título contém termo)",
                    "id": "c7d55832ff4a05f54945f4751b9bbd3e",
                    "passes": 5,
                    "fails": 0
                }
            ],
        "name": ""
    },
    "options": {
        "summaryTrendStats": [
            "avg",
            "min",
            "med",
            "max",
            "p(90)",
            "p(95)"
        ],
        "summaryTimeUnit": "",
        "noColor": false
    }
}