{
    "metrics": {
        "http_req_sending": {
            "type": "trend",
            "contains": "time",
            "values": {
                "p(95)": 0.07001199999999999,
                "avg": 0.0482476,
                "min": 0.037167,
                "med": 0.043267,
                "max": 0.076266,
                "p(90)": 0.06375800000000001
            }
        },
        "http_req_blocked": {
            "values": {
                "max": 0.403798,
                "p(90)": 0.24799600000000002,
                "p(95)": 0.32589699999999994,
                "avg": 0.0912942,
                "min": 0.01219,
                "med": 0.013317
            },
            "type": "trend",
            "contains": "time"
        },
        "http_req_duration": {
            "type": "trend",
            "contains": "time",
            "values": {
                "p(95)": 256.98192439999997,
                "avg": 128.5942944,
                "min": 67.722921,
                "med": 90.558704,
                "max": 293.522154,
                "p(90)": 220.4416948
            }
        },
        "data_received": {
            "type": "counter",
            "contains": "data",
            "values": {
                "count": 4170,
                "rate": 683.0462258924031
            }
        },
        "http_req_connecting": {
            "contains": "time",
            "values": {
                "min": 0,
                "med": 0,
                "max": 0.269688,
                "p(90)": 0.1618128,
                "p(95)": 0.21575039999999993,
                "avg": 0.053937599999999995
            },
            "type": "trend"
        },
        "http_req_failed": {
            "type": "rate",
            "contains": "default",
            "values": {
                "rate": 0,
                "passes": 0,
                "fails": 5
            }
        },
        "data_sent": {
            "type": "counter",
            "contains": "data",
            "values": {
                "count": 516,
                "rate": 84.52082795215348
            }
        },
        "http_req_tls_handshaking": {
            "type": "trend",
            "contains": "time",
            "values": {
                "avg": 0,
                "min": 0,
                "med": 0,
                "max": 0,
                "p(90)": 0,
                "p(95)": 0
            }
        },
        "iterations": {
            "type": "counter",
            "contains": "default",
            "values": {
                "count": 5,
                "rate": 0.8190002708542004
            }
        },
        "vus": {
            "type": "gauge",
            "contains": "default",
            "values": {
                "min": 1,
                "max": 1,
                "value": 1
            }
        },
        "http_req_receiving": {
            "type": "trend",
            "contains": "time",
            "values": {
                "p(90)": 0.106216,
                "p(95)": 0.107613,
                "avg": 0.10041900000000001,
                "min": 0.090857,
                "med": 0.100752,
                "max": 0.10901
            }
        },
        "vus_max": {
            "type": "gauge",
            "contains": "default",
            "values": {
                "value": 1,
                "min": 1,
                "max": 1
            }
        },
        "http_req_waiting": {
            "values": {
                "p(90)": 220.28117300000002,
                "p(95)": 256.82965399999995,
                "avg": 128.44562779999998,
                "min": 67.583928,
                "med": 90.411683,
                "max": 293.378135
            },
            "type": "trend",
            "contains": "time"
        },
        "iteration_duration": {
            "type": "trend",
            "contains": "time",
            "values": {
                "p(90)": 1644.9281254,
                "p(95)": 1665.8112522000001,
                "avg": 1220.912012,
                "min": 764.344707,
                "med": 1118.891596,
                "max": 1686.694379
            }
        },
        "checks": {
            "type": "rate",
            "contains": "default",
            "values": {
                "rate": 1,
                "passes": 15,
                "fails": 0
            },
            "thresholds": {
                "rate>0.85": {
                    "ok": true
                }
            }
        },
        "http_reqs": {
            "type": "counter",
            "contains": "default",
            "values": {
                "count": 5,
                "rate": 0.8190002708542004
            }
        },
        "http_req_duration{expected_response:true}": {
            "contains": "time",
            "values": {
                "med": 90.558704,
                "max": 293.522154,
                "p(90)": 220.4416948,
                "p(95)": 256.98192439999997,
                "avg": 128.5942944,
                "min": 67.722921
            },
            "type": "trend"
        }
    },
    "root_group": {
        "name": "",
        "path": "",
        "id": "d41d8cd98f00b204e9800998ecf8427e",
        "groups": [],
        "checks": [
                {
                    "passes": 5,
                    "fails": 0,
                    "name": "Status é 200",
                    "path": "::Status é 200",
                    "id": "9fc2989e4f5bce205ffc0afd55836aea"
                },
                {
                    "name": "Retornou lista de musicas",
                    "path": "::Retornou lista de musicas",
                    "id": "1890545c965bf1f2a10f5f986f98b32f",
                    "passes": 5,
                    "fails": 0
                },
                {
                    "name": "Filtro funcionou (termo encontrado)",
                    "path": "::Filtro funcionou (termo encontrado)",
                    "id": "ec0787579ea306ebc008d69b348f39d4",
                    "passes": 5,
                    "fails": 0
                }
            ]
    },
    "options": {
        "summaryTrendStats": [
            "avg",
            "min",
            "med",
            "max",
            "p(90)",
            "p(95)"
        ],
        "summaryTimeUnit": "",
        "noColor": false
    },
    "state": {
        "isStdOutTTY": true,
        "isStdErrTTY": true,
        "testRunDurationMs": 6105.004086
    }
}