{
    "metrics": {
        "iterations": {
            "values": {
                "count": 1,
                "rate": 0.47629724343418084
            },
            "type": "counter",
            "contains": "default"
        },
        "http_req_sending": {
            "type": "trend",
            "contains": "time",
            "values": {
                "med": 0.070335,
                "max": 0.080497,
                "p(90)": 0.0784646,
                "p(95)": 0.07948079999999999,
                "avg": 0.070335,
                "min": 0.060173
            }
        },
        "http_req_failed": {
            "type": "rate",
            "contains": "default",
            "values": {
                "rate": 0,
                "passes": 0,
                "fails": 2
            }
        },
        "http_req_duration{expected_response:true}": {
            "type": "trend",
            "contains": "time",
            "values": {
                "p(95)": 203.55058810000003,
                "avg": 142.795009,
                "min": 75.28881,
                "med": 142.795009,
                "max": 210.301208,
                "p(90)": 196.79996820000002
            }
        },
        "http_req_tls_handshaking": {
            "contains": "time",
            "values": {
                "p(95)": 0,
                "avg": 0,
                "min": 0,
                "med": 0,
                "max": 0,
                "p(90)": 0
            },
            "type": "trend"
        },
        "http_req_receiving": {
            "type": "trend",
            "contains": "time",
            "values": {
                "avg": 0.3084715,
                "min": 0.225337,
                "med": 0.3084715,
                "max": 0.391606,
                "p(90)": 0.3749791,
                "p(95)": 0.38329255
            }
        },
        "http_reqs": {
            "values": {
                "count": 2,
                "rate": 0.9525944868683617
            },
            "type": "counter",
            "contains": "default"
        },
        "http_req_duration": {
            "type": "trend",
            "contains": "time",
            "values": {
                "p(95)": 203.55058810000003,
                "avg": 142.795009,
                "min": 75.28881,
                "med": 142.795009,
                "max": 210.301208,
                "p(90)": 196.79996820000002
            }
        },
        "vus_max": {
            "type": "gauge",
            "contains": "default",
            "values": {
                "value": 1,
                "min": 1,
                "max": 1
            }
        },
        "data_sent": {
            "type": "counter",
            "contains": "data",
            "values": {
                "count": 188,
                "rate": 89.543881765626
            }
        },
        "data_received": {
            "type": "counter",
            "contains": "data",
            "values": {
                "count": 10084,
                "rate": 4802.981402790279
            }
        },
        "checks": {
            "type": "rate",
            "contains": "default",
            "values": {
                "rate": 1,
                "passes": 5,
                "fails": 0
            },
            "thresholds": {
                "rate==1.0": {
                    "ok": true
                }
            }
        },
        "http_req_connecting": {
            "type": "trend",
            "contains": "time",
            "values": {
                "p(90)": 0.22138470000000002,
                "p(95)": 0.23368385,
                "avg": 0.1229915,
                "min": 0,
                "med": 0.1229915,
                "max": 0.245983
            }
        },
        "http_req_blocked": {
            "type": "trend",
            "contains": "time",
            "values": {
                "p(95)": 0.347425,
                "avg": 0.190627,
                "min": 0.016407,
                "med": 0.190627,
                "max": 0.364847,
                "p(90)": 0.330003
            }
        },
        "vus": {
            "type": "gauge",
            "contains": "default",
            "values": {
                "value": 1,
                "min": 1,
                "max": 1
            }
        },
        "iteration_duration": {
            "values": {
                "avg": 2099.339605,
                "min": 2099.339605,
                "med": 2099.339605,
                "max": 2099.339605,
                "p(90)": 2099.339605,
                "p(95)": 2099.339605
            },
            "type": "trend",
            "contains": "time"
        },
        "http_req_waiting": {
            "type": "trend",
            "contains": "time",
            "values": {
                "avg": 142.4162025,
                "min": 75.0033,
                "med": 142.4162025,
                "max": 209.829105,
                "p(90)": 196.3465245,
                "p(95)": 203.08781474999998
            }
        }
    },
    "root_group": {
        "name": "",
        "path": "",
        "id": "d41d8cd98f00b204e9800998ecf8427e",
        "groups": [],
        "checks": [
                {
                    "id": "2502e4c3555b17056ef38557122fe1ce",
                    "passes": 1,
                    "fails": 0,
                    "name": "Página 1: status 200",
                    "path": "::Página 1: status 200"
                },
                {
                    "passes": 1,
                    "fails": 0,
                    "name": "Página 1: retornou array",
                    "path": "::Página 1: retornou array",
                    "id": "73c6ed53cd9e9af8eb59608bb123a920"
                },
                {
                    "id": "fa2447113ca05761f588221dbaa7ba1a",
                    "passes": 1,
                    "fails": 0,
                    "name": "Página 1: tem itens",
                    "path": "::Página 1: tem itens"
                },
                {
                    "passes": 1,
                    "fails": 0,
                    "name": "Página 2: status 200",
                    "path": "::Página 2: status 200",
                    "id": "dfd40fd0c2e85f188219fd4b9d4954f1"
                },
                {
                    "passes": 1,
                    "fails": 0,
                    "name": "Página 2: retornou array",
                    "path": "::Página 2: retornou array",
                    "id": "434aa490f3b8bff1cf8b97db835a74f1"
                }
            ]
    },
    "options": {
        "noColor": false,
        "summaryTrendStats": [
            "avg",
            "min",
            "med",
            "max",
            "p(90)",
            "p(95)"
        ],
        "summaryTimeUnit": ""
    },
    "state": {
        "isStdOutTTY": true,
        "isStdErrTTY": true,
        "testRunDurationMs": 2099.529262
    }
}