{
    "state": {
        "isStdOutTTY": true,
        "isStdErrTTY": true,
        "testRunDurationMs": 5054.250682
    },
    "metrics": {
        "checks": {
            "type": "rate",
            "contains": "default",
            "values": {
                "rate": 1,
                "passes": 15,
                "fails": 0
            },
            "thresholds": {
                "rate==1.0": {
                    "ok": true
                }
            }
        },
        "http_req_connecting": {
            "type": "trend",
            "contains": "time",
            "values": {
                "min": 0,
                "med": 0,
                "max": 0.312298,
                "p(90)": 0.18737880000000004,
                "p(95)": 0.24983839999999996,
                "avg": 0.062459600000000004
            }
        },
        "http_req_tls_handshaking": {
            "values": {
                "p(95)": 0,
                "avg": 0,
                "min": 0,
                "med": 0,
                "max": 0,
                "p(90)": 0
            },
            "type": "trend",
            "contains": "time"
        },
        "http_req_receiving": {
            "values": {
                "med": 0.209682,
                "max": 0.298707,
                "p(90)": 0.2696746,
                "p(95)": 0.28419079999999997,
                "avg": 0.1956858,
                "min": 0.103921
            },
            "type": "trend",
            "contains": "time"
        },
        "iteration_duration": {
            "type": "trend",
            "contains": "time",
            "values": {
                "p(90)": 1013.934609,
                "p(95)": 1014.4476549999999,
                "avg": 1010.739725,
                "min": 1008.106154,
                "med": 1009.969129,
                "max": 1014.960701
            }
        },
        "http_req_blocked": {
            "contains": "time",
            "values": {
                "avg": 0.1041552,
                "min": 0.011931,
                "med": 0.027775,
                "max": 0.43595,
                "p(90)": 0.27442560000000005,
                "p(95)": 0.35518779999999994
            },
            "type": "trend"
        },
        "http_req_duration": {
            "type": "trend",
            "contains": "time",
            "values": {
                "avg": 9.039176600000001,
                "min": 6.241288,
                "med": 8.484541,
                "max": 13.100986,
                "p(90)": 11.960651200000001,
                "p(95)": 12.5308186
            },
            "thresholds": {
                "p(95)<500": {
                    "ok": true
                }
            }
        },
        "iterations": {
            "values": {
                "count": 5,
                "rate": 0.9892663254331238
            },
            "type": "counter",
            "contains": "default"
        },
        "vus": {
            "type": "gauge",
            "contains": "default",
            "values": {
                "min": 1,
                "max": 1,
                "value": 1
            }
        },
        "vus_max": {
            "values": {
                "value": 1,
                "min": 1,
                "max": 1
            },
            "type": "gauge",
            "contains": "default"
        },
        "data_received": {
            "type": "counter",
            "contains": "data",
            "values": {
                "count": 39530,
                "rate": 7821.139568874277
            }
        },
        "data_sent": {
            "type": "counter",
            "contains": "data",
            "values": {
                "count": 468,
                "rate": 92.59532806054038
            }
        },
        "http_req_sending": {
            "type": "trend",
            "contains": "time",
            "values": {
                "avg": 0.057264999999999996,
                "min": 0.026215,
                "med": 0.049681,
                "max": 0.098173,
                "p(90)": 0.0890162,
                "p(95)": 0.0935946
            }
        },
        "http_req_waiting": {
            "contains": "time",
            "values": {
                "p(90)": 11.6489192,
                "p(95)": 12.2071116,
                "avg": 8.7862258,
                "min": 5.933433,
                "med": 8.305339,
                "max": 12.765304
            },
            "type": "trend"
        },
        "http_reqs": {
            "type": "counter",
            "contains": "default",
            "values": {
                "count": 5,
                "rate": 0.9892663254331238
            }
        },
        "http_req_duration{expected_response:true}": {
            "type": "trend",
            "contains": "time",
            "values": {
                "min": 6.241288,
                "med": 8.484541,
                "max": 13.100986,
                "p(90)": 11.960651200000001,
                "p(95)": 12.5308186,
                "avg": 9.039176600000001
            }
        },
        "http_req_failed": {
            "type": "rate",
            "contains": "default",
            "values": {
                "rate": 0,
                "passes": 0,
                "fails": 5
            }
        }
    },
    "root_group": {
        "name": "",
        "path": "",
        "id": "d41d8cd98f00b204e9800998ecf8427e",
        "groups": [],
        "checks": [
                {
                    "name": "Status é 200",
                    "path": "::Status é 200",
                    "id": "9fc2989e4f5bce205ffc0afd55836aea",
                    "passes": 5,
                    "fails": 0
                },
                {
                    "name": "Retornou lista de posts",
                    "path": "::Retornou lista de posts",
                    "id": "e2c53b8678d5b1e82896e3ceb72ced86",
                    "passes": 5,
                    "fails": 0
                },
                {
                    "name": "Filtro funcionou (post contém a tag)",
                    "path": "::Filtro funcionou (post contém a tag)",
                    "id": "9ff4dd49abebcaa99735106b855c0566",
                    "passes": 5,
                    "fails": 0
                }
            ]
    },
    "options": {
        "summaryTimeUnit": "",
        "noColor": false,
        "summaryTrendStats": [
            "avg",
            "min",
            "med",
            "max",
            "p(90)",
            "p(95)"
        ]
    }
}