{
    "state": {
        "testRunDurationMs": 1166.106174,
        "isStdOutTTY": true,
        "isStdErrTTY": true
    },
    "metrics": {
        "http_req_connecting": {
            "type": "trend",
            "contains": "time",
            "values": {
                "avg": 0.10028,
                "min": 0,
                "med": 0.10028,
                "max": 0.20056,
                "p(90)": 0.180504,
                "p(95)": 0.19053199999999998
            }
        },
        "data_received": {
            "type": "counter",
            "contains": "data",
            "values": {
                "count": 18502,
                "rate": 15866.479753326475
            }
        },
        "http_req_receiving": {
            "type": "trend",
            "contains": "time",
            "values": {
                "avg": 0.325393,
                "min": 0.311915,
                "med": 0.325393,
                "max": 0.338871,
                "p(90)": 0.33617539999999996,
                "p(95)": 0.33752319999999997
            }
        },
        "http_req_duration{expected_response:true}": {
            "type": "trend",
            "contains": "time",
            "values": {
                "min": 32.234469,
                "med": 107.015457,
                "max": 181.796445,
                "p(90)": 166.8402474,
                "p(95)": 174.3183462,
                "avg": 107.015457
            }
        },
        "http_req_waiting": {
            "type": "trend",
            "contains": "time",
            "values": {
                "med": 106.6187825,
                "max": 181.368412,
                "p(90)": 166.41848610000002,
                "p(95)": 173.89344905,
                "avg": 106.61878250000001,
                "min": 31.869153
            }
        },
        "http_req_duration": {
            "type": "trend",
            "contains": "time",
            "values": {
                "min": 32.234469,
                "med": 107.015457,
                "max": 181.796445,
                "p(90)": 166.8402474,
                "p(95)": 174.3183462,
                "avg": 107.015457
            }
        },
        "http_req_failed": {
            "values": {
                "fails": 2,
                "rate": 0,
                "passes": 0
            },
            "type": "rate",
            "contains": "default"
        },
        "iteration_duration": {
            "type": "trend",
            "contains": "time",
            "values": {
                "avg": 1165.929072,
                "min": 1165.929072,
                "med": 1165.929072,
                "max": 1165.929072,
                "p(90)": 1165.929072,
                "p(95)": 1165.929072
            }
        },
        "http_req_tls_handshaking": {
            "type": "trend",
            "contains": "time",
            "values": {
                "avg": 0,
                "min": 0,
                "med": 0,
                "max": 0,
                "p(90)": 0,
                "p(95)": 0
            }
        },
        "vus": {
            "type": "gauge",
            "contains": "default",
            "values": {
                "value": 1,
                "min": 1,
                "max": 1
            }
        },
        "http_req_blocked": {
            "type": "trend",
            "contains": "time",
            "values": {
                "max": 0.303373,
                "p(90)": 0.2745406,
                "p(95)": 0.2889568,
                "avg": 0.159211,
                "min": 0.015049,
                "med": 0.15921100000000002
            }
        },
        "data_sent": {
            "type": "counter",
            "contains": "data",
            "values": {
                "count": 183,
                "rate": 156.9325367451489
            }
        },
        "iterations": {
            "contains": "default",
            "values": {
                "count": 1,
                "rate": 0.8575548456019065
            },
            "type": "counter"
        },
        "http_reqs": {
            "type": "counter",
            "contains": "default",
            "values": {
                "rate": 1.715109691203813,
                "count": 2
            }
        },
        "checks": {
            "type": "rate",
            "contains": "default",
            "values": {
                "rate": 1,
                "passes": 5,
                "fails": 0
            },
            "thresholds": {
                "rate==1.0": {
                    "ok": true
                }
            }
        },
        "vus_max": {
            "type": "gauge",
            "contains": "default",
            "values": {
                "value": 1,
                "min": 1,
                "max": 1
            }
        },
        "http_req_sending": {
            "type": "trend",
            "contains": "time",
            "values": {
                "med": 0.0712815,
                "max": 0.089162,
                "p(90)": 0.0855859,
                "p(95)": 0.08737395,
                "avg": 0.0712815,
                "min": 0.053401
            }
        }
    },
    "root_group": {
        "name": "",
        "path": "",
        "id": "d41d8cd98f00b204e9800998ecf8427e",
        "groups": [],
        "checks": [
                {
                    "name": "Página 1: status 200",
                    "path": "::Página 1: status 200",
                    "id": "2502e4c3555b17056ef38557122fe1ce",
                    "passes": 1,
                    "fails": 0
                },
                {
                    "passes": 1,
                    "fails": 0,
                    "name": "Página 1: retornou array",
                    "path": "::Página 1: retornou array",
                    "id": "73c6ed53cd9e9af8eb59608bb123a920"
                },
                {
                    "name": "Página 2 (Cursor): status 200",
                    "path": "::Página 2 (Cursor): status 200",
                    "id": "21fcde49d41a1552d002caa5a5983c08",
                    "passes": 1,
                    "fails": 0
                },
                {
                    "passes": 1,
                    "fails": 0,
                    "name": "Página 2 (Cursor): retornou array",
                    "path": "::Página 2 (Cursor): retornou array",
                    "id": "7fbb2b195f82252ac123c5ef71dd2c45"
                },
                {
                    "passes": 1,
                    "fails": 0,
                    "name": "Página 2 (Cursor): resultados distintos",
                    "path": "::Página 2 (Cursor): resultados distintos",
                    "id": "c49d1bad2a9b04d6bc14a7f6c43e1fef"
                }
            ]
    },
    "options": {
        "summaryTrendStats": [
            "avg",
            "min",
            "med",
            "max",
            "p(90)",
            "p(95)"
        ],
        "summaryTimeUnit": "",
        "noColor": false
    }
}