{
    "metrics": {
        "http_reqs": {
            "type": "counter",
            "contains": "default",
            "values": {
                "rate": 0.6013473036603031,
                "count": 2
            }
        },
        "http_req_blocked": {
            "type": "trend",
            "contains": "time",
            "values": {
                "avg": 0.2064315,
                "min": 0.014241,
                "med": 0.2064315,
                "max": 0.398622,
                "p(90)": 0.3601839,
                "p(95)": 0.37940294999999996
            }
        },
        "vus_max": {
            "type": "gauge",
            "contains": "default",
            "values": {
                "value": 1,
                "min": 1,
                "max": 1
            }
        },
        "http_req_waiting": {
            "type": "trend",
            "contains": "time",
            "values": {
                "med": 168.9330115,
                "max": 331.451588,
                "p(90)": 298.9478727,
                "p(95)": 315.19973035,
                "avg": 168.93301150000002,
                "min": 6.414435
            }
        },
        "http_req_receiving": {
            "type": "trend",
            "contains": "time",
            "values": {
                "avg": 0.25811,
                "min": 0.198245,
                "med": 0.25811,
                "max": 0.317975,
                "p(90)": 0.306002,
                "p(95)": 0.3119885
            }
        },
        "http_req_duration{expected_response:true}": {
            "type": "trend",
            "contains": "time",
            "values": {
                "avg": 169.263719,
                "min": 6.656478,
                "med": 169.263719,
                "max": 331.87096,
                "p(90)": 299.3495118,
                "p(95)": 315.6102359
            }
        },
        "http_req_sending": {
            "type": "trend",
            "contains": "time",
            "values": {
                "avg": 0.0725975,
                "min": 0.043798,
                "med": 0.0725975,
                "max": 0.101397,
                "p(90)": 0.0956371,
                "p(95)": 0.09851705
            }
        },
        "data_received": {
            "type": "counter",
            "contains": "data",
            "values": {
                "count": 18502,
                "rate": 5563.063906161464
            }
        },
        "http_req_tls_handshaking": {
            "type": "trend",
            "contains": "time",
            "values": {
                "med": 0,
                "max": 0,
                "p(90)": 0,
                "p(95)": 0,
                "avg": 0,
                "min": 0
            }
        },
        "vus": {
            "type": "gauge",
            "contains": "default",
            "values": {
                "value": 1,
                "min": 1,
                "max": 1
            }
        },
        "http_req_failed": {
            "values": {
                "rate": 0,
                "passes": 0,
                "fails": 2
            },
            "type": "rate",
            "contains": "default"
        },
        "data_sent": {
            "type": "counter",
            "contains": "data",
            "values": {
                "count": 183,
                "rate": 55.02327828491773
            }
        },
        "checks": {
            "type": "rate",
            "contains": "default",
            "values": {
                "rate": 1,
                "passes": 5,
                "fails": 0
            },
            "thresholds": {
                "rate==1.0": {
                    "ok": true
                }
            }
        },
        "http_req_connecting": {
            "type": "trend",
            "contains": "time",
            "values": {
                "avg": 0.145437,
                "min": 0,
                "med": 0.145437,
                "max": 0.290874,
                "p(90)": 0.26178660000000004,
                "p(95)": 0.27633030000000003
            }
        },
        "iteration_duration": {
            "type": "trend",
            "contains": "time",
            "values": {
                "avg": 3325.720627,
                "min": 3325.720627,
                "med": 3325.720627,
                "max": 3325.720627,
                "p(90)": 3325.720627,
                "p(95)": 3325.720627
            }
        },
        "iterations": {
            "values": {
                "rate": 0.30067365183015154,
                "count": 1
            },
            "type": "counter",
            "contains": "default"
        },
        "http_req_duration": {
            "contains": "time",
            "values": {
                "avg": 169.263719,
                "min": 6.656478,
                "med": 169.263719,
                "max": 331.87096,
                "p(90)": 299.3495118,
                "p(95)": 315.6102359
            },
            "type": "trend"
        }
    },
    "root_group": {
        "name": "",
        "path": "",
        "id": "d41d8cd98f00b204e9800998ecf8427e",
        "groups": [],
        "checks": [
                {
                    "fails": 0,
                    "name": "Página 1: status 200",
                    "path": "::Página 1: status 200",
                    "id": "2502e4c3555b17056ef38557122fe1ce",
                    "passes": 1
                },
                {
                    "name": "Página 1: retornou array",
                    "path": "::Página 1: retornou array",
                    "id": "73c6ed53cd9e9af8eb59608bb123a920",
                    "passes": 1,
                    "fails": 0
                },
                {
                    "name": "Página 2 (Cursor): status 200",
                    "path": "::Página 2 (Cursor): status 200",
                    "id": "21fcde49d41a1552d002caa5a5983c08",
                    "passes": 1,
                    "fails": 0
                },
                {
                    "name": "Página 2 (Cursor): retornou array",
                    "path": "::Página 2 (Cursor): retornou array",
                    "id": "7fbb2b195f82252ac123c5ef71dd2c45",
                    "passes": 1,
                    "fails": 0
                },
                {
                    "id": "c49d1bad2a9b04d6bc14a7f6c43e1fef",
                    "passes": 1,
                    "fails": 0,
                    "name": "Página 2 (Cursor): resultados distintos",
                    "path": "::Página 2 (Cursor): resultados distintos"
                }
            ]
    },
    "options": {
        "summaryTrendStats": [
            "avg",
            "min",
            "med",
            "max",
            "p(90)",
            "p(95)"
        ],
        "summaryTimeUnit": "",
        "noColor": false
    },
    "state": {
        "testRunDurationMs": 3325.865083,
        "isStdOutTTY": false,
        "isStdErrTTY": false
    }
}