{
    "options": {
        "summaryTrendStats": [
            "avg",
            "min",
            "med",
            "max",
            "p(90)",
            "p(95)"
        ],
        "summaryTimeUnit": "",
        "noColor": false
    },
    "state": {
        "testRunDurationMs": 120489.409933,
        "isStdOutTTY": true,
        "isStdErrTTY": true
    },
    "metrics": {
        "http_req_duration": {
            "values": {
                "max": 13.509844,
                "p(90)": 9.29368,
                "p(95)": 9.834515600000001,
                "avg": 7.328940202531647,
                "min": 2.07224,
                "med": 7.209468
            },
            "type": "trend",
            "contains": "time"
        },
        "http_req_connecting": {
            "values": {
                "p(95)": 0,
                "avg": 0.0007308059071729957,
                "min": 0,
                "med": 0,
                "max": 0.173201,
                "p(90)": 0
            },
            "type": "trend",
            "contains": "time"
        },
        "http_req_receiving": {
            "values": {
                "p(95)": 0.20883039999999997,
                "avg": 0.1358306497890295,
                "min": 0.045758,
                "med": 0.123907,
                "max": 0.762601,
                "p(90)": 0.183761
            },
            "type": "trend",
            "contains": "time"
        },
        "recovery_time_ms": {
            "type": "trend",
            "contains": "default",
            "values": {
                "p(90)": 44915.6,
                "p(95)": 45069.8,
                "avg": 43682,
                "min": 42140,
                "med": 43682,
                "max": 45224
            }
        },
        "data_sent": {
            "type": "counter",
            "contains": "data",
            "values": {
                "count": 18723,
                "rate": 155.39124982362526
            }
        },
        "http_req_duration{expected_response:true}": {
            "type": "trend",
            "contains": "time",
            "values": {
                "p(90)": 10.3405872,
                "p(95)": 10.7970972,
                "avg": 8.54531689230769,
                "min": 4.085725,
                "med": 8.790785,
                "max": 13.509844
            }
        },
        "data_received": {
            "values": {
                "rate": 5288.979341457159,
                "count": 637266
            },
            "type": "counter",
            "contains": "data"
        },
        "recovery_count": {
            "type": "counter",
            "contains": "default",
            "values": {
                "count": 2,
                "rate": 0.01659896916344873
            }
        },
        "http_req_failed": {
            "type": "rate",
            "contains": "default",
            "values": {
                "rate": 0.7257383966244726,
                "passes": 172,
                "fails": 65
            }
        },
        "vus_max": {
            "type": "gauge",
            "contains": "default",
            "values": {
                "value": 1,
                "min": 1,
                "max": 1
            }
        },
        "http_req_waiting": {
            "type": "trend",
            "contains": "time",
            "values": {
                "p(90)": 9.0098438,
                "p(95)": 9.648307599999999,
                "avg": 7.14746278481012,
                "min": 2.01273,
                "med": 7.029903,
                "max": 13.249522
            }
        },
        "vus": {
            "type": "gauge",
            "contains": "default",
            "values": {
                "value": 1,
                "min": 1,
                "max": 1
            }
        },
        "checks": {
            "contains": "default",
            "values": {
                "fails": 0,
                "rate": 1,
                "passes": 237
            },
            "type": "rate"
        },
        "http_reqs": {
            "type": "counter",
            "contains": "default",
            "values": {
                "count": 237,
                "rate": 1.9669778458686744
            }
        },
        "http_req_sending": {
            "type": "trend",
            "contains": "time",
            "values": {
                "min": 0.013752,
                "med": 0.044511,
                "max": 0.099454,
                "p(90)": 0.06222580000000001,
                "p(95)": 0.06794299999999999,
                "avg": 0.045646767932489465
            }
        },
        "iterations": {
            "type": "counter",
            "contains": "default",
            "values": {
                "count": 237,
                "rate": 1.9669778458686744
            }
        },
        "http_req_blocked": {
            "type": "trend",
            "contains": "time",
            "values": {
                "avg": 0.01772175105485231,
                "min": 0.004135,
                "med": 0.013787,
                "max": 0.45453,
                "p(90)": 0.020117800000000005,
                "p(95)": 0.02461019999999998
            }
        },
        "iteration_duration": {
            "type": "trend",
            "contains": "time",
            "values": {
                "p(95)": 511.0034388,
                "avg": 508.32933065822783,
                "min": 502.601176,
                "med": 508.152478,
                "max": 514.438624,
                "p(90)": 510.256208
            }
        },
        "http_req_tls_handshaking": {
            "type": "trend",
            "contains": "time",
            "values": {
                "med": 0,
                "max": 0,
                "p(90)": 0,
                "p(95)": 0,
                "avg": 0,
                "min": 0
            }
        }
    },
    "root_group": {
        "name": "",
        "path": "",
        "id": "d41d8cd98f00b204e9800998ecf8427e",
        "groups": [],
        "checks": [
                {
                    "id": "cb6fadd1ef6451b0edec337c36211fac",
                    "passes": 65,
                    "fails": 0,
                    "name": "Sistema está saudável (Status 200)",
                    "path": "::Sistema está saudável (Status 200)"
                },
                {
                    "fails": 0,
                    "name": "Sistema em estado de falha (Status != 200)",
                    "path": "::Sistema em estado de falha (Status != 200)",
                    "id": "efea7e26f3af113147e8922da8d73b04",
                    "passes": 172
                }
            ]
    }
}