{
    "state": {
        "testRunDurationMs": 120323.591226,
        "isStdOutTTY": true,
        "isStdErrTTY": true
    },
    "metrics": {
        "vus_max": {
            "type": "gauge",
            "contains": "default",
            "values": {
                "value": 1,
                "min": 1,
                "max": 1
            }
        },
        "http_req_tls_handshaking": {
            "type": "trend",
            "contains": "time",
            "values": {
                "min": 0,
                "med": 0,
                "max": 0,
                "p(90)": 0,
                "p(95)": 0,
                "avg": 0
            }
        },
        "http_req_duration{expected_response:true}": {
            "type": "trend",
            "contains": "time",
            "values": {
                "avg": 14.021071895104889,
                "min": 5.462146,
                "med": 14.09984,
                "max": 25.963351,
                "p(90)": 16.329487999999998,
                "p(95)": 17.7127937
            }
        },
        "http_req_connecting": {
            "contains": "time",
            "values": {
                "max": 0.176495,
                "p(90)": 0,
                "p(95)": 0,
                "avg": 0.0012342307692307694,
                "min": 0,
                "med": 0
            },
            "type": "trend"
        },
        "http_req_receiving": {
            "type": "trend",
            "contains": "time",
            "values": {
                "max": 0.675895,
                "p(90)": 0.15106899999999998,
                "p(95)": 0.18604650000000003,
                "avg": 0.10890059440559445,
                "min": 0.04685,
                "med": 0.093408
            }
        },
        "http_req_waiting": {
            "type": "trend",
            "contains": "time",
            "values": {
                "p(90)": 16.179965199999998,
                "p(95)": 17.5728983,
                "avg": 13.866991335664334,
                "min": 5.399455,
                "med": 13.990601,
                "max": 25.557118
            }
        },
        "data_sent": {
            "type": "counter",
            "contains": "data",
            "values": {
                "count": 11297,
                "rate": 93.88848757664822
            }
        },
        "http_req_duration": {
            "type": "trend",
            "contains": "time",
            "values": {
                "avg": 14.021071895104889,
                "min": 5.462146,
                "med": 14.09984,
                "max": 25.963351,
                "p(90)": 16.329487999999998,
                "p(95)": 17.7127937
            }
        },
        "data_received": {
            "contains": "data",
            "values": {
                "count": 274274,
                "rate": 2279.4698629368518
            },
            "type": "counter"
        },
        "checks": {
            "type": "rate",
            "contains": "default",
            "values": {
                "rate": 1,
                "passes": 143,
                "fails": 0
            }
        },
        "http_req_sending": {
            "values": {
                "p(90)": 0.05736,
                "p(95)": 0.06476290000000001,
                "avg": 0.04517996503496501,
                "min": 0.008574,
                "med": 0.044122,
                "max": 0.192869
            },
            "type": "trend",
            "contains": "time"
        },
        "iteration_duration": {
            "type": "trend",
            "contains": "time",
            "values": {
                "avg": 841.3586529370634,
                "min": 319.105666,
                "med": 858.077051,
                "max": 1311.390873,
                "p(90)": 1224.9708776,
                "p(95)": 1255.5603742
            }
        },
        "iterations": {
            "values": {
                "rate": 1.1884618680588381,
                "count": 143
            },
            "type": "counter",
            "contains": "default"
        },
        "http_reqs": {
            "values": {
                "count": 143,
                "rate": 1.1884618680588381
            },
            "type": "counter",
            "contains": "default"
        },
        "vus": {
            "type": "gauge",
            "contains": "default",
            "values": {
                "value": 1,
                "min": 1,
                "max": 1
            }
        },
        "http_req_blocked": {
            "type": "trend",
            "contains": "time",
            "values": {
                "avg": 0.016871804195804207,
                "min": 0.003768,
                "med": 0.014213,
                "max": 0.251539,
                "p(90)": 0.0200632,
                "p(95)": 0.0250088
            }
        },
        "http_req_failed": {
            "type": "rate",
            "contains": "default",
            "values": {
                "rate": 0,
                "passes": 0,
                "fails": 143
            }
        }
    },
    "root_group": {
        "path": "",
        "id": "d41d8cd98f00b204e9800998ecf8427e",
        "groups": [],
        "checks": [
                {
                    "passes": 143,
                    "fails": 0,
                    "name": "Sistema está saudável (Status 200)",
                    "path": "::Sistema está saudável (Status 200)",
                    "id": "cb6fadd1ef6451b0edec337c36211fac"
                }
            ],
        "name": ""
    },
    "options": {
        "summaryTrendStats": [
            "avg",
            "min",
            "med",
            "max",
            "p(90)",
            "p(95)"
        ],
        "summaryTimeUnit": "",
        "noColor": false
    }
}