{
    "state": {
        "isStdOutTTY": true,
        "isStdErrTTY": true,
        "testRunDurationMs": 120102.407036
    },
    "metrics": {
        "http_req_waiting": {
            "type": "trend",
            "contains": "time",
            "values": {
                "p(95)": 10.2672346,
                "avg": 7.739206615384615,
                "min": 2.651461,
                "med": 7.936503,
                "max": 12.336159,
                "p(90)": 9.484542199999998
            }
        },
        "http_req_sending": {
            "type": "trend",
            "contains": "time",
            "values": {
                "avg": 0.04785707692307695,
                "min": 0.014172,
                "med": 0.043236,
                "max": 0.270878,
                "p(90)": 0.065082,
                "p(95)": 0.07981260000000001
            }
        },
        "http_req_tls_handshaking": {
            "type": "trend",
            "contains": "time",
            "values": {
                "med": 0,
                "max": 0,
                "p(90)": 0,
                "p(95)": 0,
                "avg": 0,
                "min": 0
            }
        },
        "checks": {
            "type": "rate",
            "contains": "default",
            "values": {
                "rate": 1,
                "passes": 143,
                "fails": 0
            }
        },
        "http_req_duration": {
            "type": "trend",
            "contains": "time",
            "values": {
                "avg": 7.942627335664335,
                "min": 2.78275,
                "med": 8.124221,
                "max": 12.540499,
                "p(90)": 9.8292712,
                "p(95)": 10.4688837
            }
        },
        "http_req_receiving": {
            "type": "trend",
            "contains": "time",
            "values": {
                "p(90)": 0.23081899999999997,
                "p(95)": 0.26323520000000006,
                "avg": 0.15556364335664336,
                "min": 0.064828,
                "med": 0.149617,
                "max": 0.342965
            }
        },
        "vus": {
            "values": {
                "value": 1,
                "min": 1,
                "max": 1
            },
            "type": "gauge",
            "contains": "default"
        },
        "http_req_duration{expected_response:true}": {
            "type": "trend",
            "contains": "time",
            "values": {
                "avg": 7.942627335664335,
                "min": 2.78275,
                "med": 8.124221,
                "max": 12.540499,
                "p(90)": 9.8292712,
                "p(95)": 10.4688837
            }
        },
        "data_sent": {
            "type": "counter",
            "contains": "data",
            "values": {
                "count": 11297,
                "rate": 94.06139542743543
            }
        },
        "http_req_connecting": {
            "contains": "time",
            "values": {
                "p(90)": 0,
                "p(95)": 0,
                "avg": 0.0016133426573426573,
                "min": 0,
                "med": 0,
                "max": 0.230708
            },
            "type": "trend"
        },
        "data_received": {
            "type": "counter",
            "contains": "data",
            "values": {
                "rate": 11015.899120185224,
                "count": 1323036
            }
        },
        "http_req_failed": {
            "type": "rate",
            "contains": "default",
            "values": {
                "rate": 0,
                "passes": 0,
                "fails": 143
            }
        },
        "iterations": {
            "type": "counter",
            "contains": "default",
            "values": {
                "count": 143,
                "rate": 1.1906505750308283
            }
        },
        "iteration_duration": {
            "type": "trend",
            "contains": "time",
            "values": {
                "avg": 839.8106065664339,
                "min": 315.370864,
                "med": 855.705154,
                "max": 1304.176051,
                "p(90)": 1207.1483566000002,
                "p(95)": 1252.5942906
            }
        },
        "vus_max": {
            "values": {
                "value": 1,
                "min": 1,
                "max": 1
            },
            "type": "gauge",
            "contains": "default"
        },
        "http_req_blocked": {
            "type": "trend",
            "contains": "time",
            "values": {
                "avg": 0.019998482517482513,
                "min": 0.004414,
                "med": 0.014361,
                "max": 0.344414,
                "p(90)": 0.0208666,
                "p(95)": 0.029744300000000022
            }
        },
        "http_reqs": {
            "type": "counter",
            "contains": "default",
            "values": {
                "count": 143,
                "rate": 1.1906505750308283
            }
        }
    },
    "root_group": {
        "id": "d41d8cd98f00b204e9800998ecf8427e",
        "groups": [],
        "checks": [
                {
                    "name": "Sistema está saudável (Status 200)",
                    "path": "::Sistema está saudável (Status 200)",
                    "id": "cb6fadd1ef6451b0edec337c36211fac",
                    "passes": 143,
                    "fails": 0
                }
            ],
        "name": "",
        "path": ""
    },
    "options": {
        "summaryTrendStats": [
            "avg",
            "min",
            "med",
            "max",
            "p(90)",
            "p(95)"
        ],
        "summaryTimeUnit": "",
        "noColor": false
    }
}