{
    "metrics": {
        "checks": {
            "contains": "default",
            "values": {
                "rate": 1,
                "passes": 146,
                "fails": 0
            },
            "type": "rate"
        },
        "http_req_waiting": {
            "type": "trend",
            "contains": "time",
            "values": {
                "avg": 30.230499986301385,
                "min": 17.851907,
                "med": 25.879061999999998,
                "max": 228.31605,
                "p(90)": 29.6133965,
                "p(95)": 44.04813525
            }
        },
        "data_sent": {
            "type": "counter",
            "contains": "data",
            "values": {
                "count": 11534,
                "rate": 95.36106162743579
            }
        },
        "http_req_sending": {
            "type": "trend",
            "contains": "time",
            "values": {
                "med": 0.044368000000000005,
                "max": 0.122007,
                "p(90)": 0.059511,
                "p(95)": 0.06683125,
                "avg": 0.04383415753424658,
                "min": 0.011675
            }
        },
        "http_reqs": {
            "type": "counter",
            "contains": "default",
            "values": {
                "count": 146,
                "rate": 1.2071020459169086
            }
        },
        "http_req_connecting": {
            "type": "trend",
            "contains": "time",
            "values": {
                "med": 0,
                "max": 0.278624,
                "p(90)": 0,
                "p(95)": 0,
                "avg": 0.0019083835616438354,
                "min": 0
            }
        },
        "http_req_blocked": {
            "type": "trend",
            "contains": "time",
            "values": {
                "avg": 0.01763821232876713,
                "min": 0.004219,
                "med": 0.014324,
                "max": 0.408735,
                "p(90)": 0.0184385,
                "p(95)": 0.020269000000000002
            }
        },
        "vus": {
            "values": {
                "min": 1,
                "max": 1,
                "value": 1
            },
            "type": "gauge",
            "contains": "default"
        },
        "http_req_duration{expected_response:true}": {
            "type": "trend",
            "contains": "time",
            "values": {
                "min": 17.968224,
                "med": 26.086617,
                "max": 228.468483,
                "p(90)": 29.816114,
                "p(95)": 44.252620500000006,
                "avg": 30.473292917808223
            }
        },
        "http_req_receiving": {
            "type": "trend",
            "contains": "time",
            "values": {
                "p(95)": 0.3003515,
                "avg": 0.19895877397260278,
                "min": 0.060634,
                "med": 0.18482700000000002,
                "max": 0.959781,
                "p(90)": 0.269127
            }
        },
        "data_received": {
            "type": "counter",
            "contains": "data",
            "values": {
                "count": 1339696,
                "rate": 11076.368373333553
            }
        },
        "vus_max": {
            "type": "gauge",
            "contains": "default",
            "values": {
                "value": 1,
                "min": 1,
                "max": 1
            }
        },
        "iteration_duration": {
            "type": "trend",
            "contains": "time",
            "values": {
                "avg": 828.3632122671237,
                "min": 353.094562,
                "med": 860.1012515,
                "max": 1324.517062,
                "p(90)": 1205.945666,
                "p(95)": 1261.935059
            }
        },
        "http_req_failed": {
            "type": "rate",
            "contains": "default",
            "values": {
                "rate": 0,
                "passes": 0,
                "fails": 146
            }
        },
        "http_req_duration": {
            "type": "trend",
            "contains": "time",
            "values": {
                "p(95)": 44.252620500000006,
                "avg": 30.473292917808223,
                "min": 17.968224,
                "med": 26.086617,
                "max": 228.468483,
                "p(90)": 29.816114
            }
        },
        "iterations": {
            "type": "counter",
            "contains": "default",
            "values": {
                "count": 146,
                "rate": 1.2071020459169086
            }
        },
        "http_req_tls_handshaking": {
            "type": "trend",
            "contains": "time",
            "values": {
                "p(90)": 0,
                "p(95)": 0,
                "avg": 0,
                "min": 0,
                "med": 0,
                "max": 0
            }
        }
    },
    "root_group": {
        "name": "",
        "path": "",
        "id": "d41d8cd98f00b204e9800998ecf8427e",
        "groups": [],
        "checks": [
                {
                    "path": "::Sistema está saudável (Status 200)",
                    "id": "cb6fadd1ef6451b0edec337c36211fac",
                    "passes": 146,
                    "fails": 0,
                    "name": "Sistema está saudável (Status 200)"
                }
            ]
    },
    "options": {
        "noColor": false,
        "summaryTrendStats": [
            "avg",
            "min",
            "med",
            "max",
            "p(90)",
            "p(95)"
        ],
        "summaryTimeUnit": ""
    },
    "state": {
        "isStdOutTTY": true,
        "isStdErrTTY": true,
        "testRunDurationMs": 120950.834682
    }
}