{
    "root_group": {
        "name": "",
        "path": "",
        "id": "d41d8cd98f00b204e9800998ecf8427e",
        "groups": [],
        "checks": []
    },
    "options": {
        "summaryTimeUnit": "",
        "noColor": false,
        "summaryTrendStats": [
            "avg",
            "min",
            "med",
            "max",
            "p(90)",
            "p(95)"
        ]
    },
    "state": {
        "isStdOutTTY": true,
        "isStdErrTTY": true,
        "testRunDurationMs": 120409.959948
    },
    "metrics": {
        "http_req_connecting": {
            "type": "trend",
            "contains": "time",
            "values": {
                "p(95)": 0,
                "avg": 0.0009822742616033755,
                "min": 0,
                "med": 0,
                "max": 0.232799,
                "p(90)": 0
            }
        },
        "data_received": {
            "type": "counter",
            "contains": "data",
            "values": {
                "count": 637266,
                "rate": 5292.469163474587
            }
        },
        "http_req_sending": {
            "type": "trend",
            "contains": "time",
            "values": {
                "max": 0.397145,
                "p(90)": 0.0605746,
                "p(95)": 0.07018319999999999,
                "avg": 0.04659905485232069,
                "min": 0.010911,
                "med": 0.04262
            }
        },
        "iteration_duration": {
            "values": {
                "p(90)": 509.8731684,
                "p(95)": 510.47210240000004,
                "avg": 507.99654746835466,
                "min": 502.939237,
                "med": 507.92459,
                "max": 513.259405
            },
            "type": "trend",
            "contains": "time"
        },
        "recovery_time_ms": {
            "values": {
                "min": 42123,
                "med": 43649,
                "max": 45175,
                "p(90)": 44869.8,
                "p(95)": 45022.4,
                "avg": 43649
            },
            "type": "trend",
            "contains": "default"
        },
        "http_req_duration{expected_response:true}": {
            "type": "trend",
            "contains": "time",
            "values": {
                "p(90)": 10.1373616,
                "p(95)": 11.048182599999999,
                "avg": 8.37459836923077,
                "min": 4.323218,
                "med": 8.274277,
                "max": 11.944545
            }
        },
        "http_req_failed": {
            "type": "rate",
            "contains": "default",
            "values": {
                "rate": 0.7257383966244726,
                "passes": 172,
                "fails": 65
            }
        },
        "http_req_tls_handshaking": {
            "type": "trend",
            "contains": "time",
            "values": {
                "med": 0,
                "max": 0,
                "p(90)": 0,
                "p(95)": 0,
                "avg": 0,
                "min": 0
            }
        },
        "iterations": {
            "type": "counter",
            "contains": "default",
            "values": {
                "count": 237,
                "rate": 1.968275714918852
            }
        },
        "vus": {
            "type": "gauge",
            "contains": "default",
            "values": {
                "value": 1,
                "min": 1,
                "max": 1
            }
        },
        "vus_max": {
            "values": {
                "value": 1,
                "min": 1,
                "max": 1
            },
            "type": "gauge",
            "contains": "default"
        },
        "recovery_count": {
            "contains": "default",
            "values": {
                "count": 2,
                "rate": 0.016609921644884826
            },
            "type": "counter"
        },
        "http_reqs": {
            "type": "counter",
            "contains": "default",
            "values": {
                "count": 237,
                "rate": 1.968275714918852
            }
        },
        "data_sent": {
            "type": "counter",
            "contains": "data",
            "values": {
                "count": 18723,
                "rate": 155.49378147858928
            }
        },
        "http_req_duration": {
            "contains": "time",
            "values": {
                "avg": 7.084832257383968,
                "min": 2.109799,
                "med": 7.014422,
                "max": 11.944545,
                "p(90)": 8.8708204,
                "p(95)": 9.388980199999997
            },
            "type": "trend"
        },
        "http_req_blocked": {
            "type": "trend",
            "contains": "time",
            "values": {
                "avg": 0.015693599156118152,
                "min": 0.004083,
                "med": 0.013524,
                "max": 0.380321,
                "p(90)": 0.017847000000000002,
                "p(95)": 0.023294599999999995
            }
        },
        "http_req_waiting": {
            "type": "trend",
            "contains": "time",
            "values": {
                "min": 2.043026,
                "med": 6.834484,
                "max": 11.794471,
                "p(90)": 8.5865988,
                "p(95)": 9.154952199999997,
                "avg": 6.903735936708863
            }
        },
        "http_req_receiving": {
            "type": "trend",
            "contains": "time",
            "values": {
                "avg": 0.13449726582278482,
                "min": 0.042135,
                "med": 0.120501,
                "max": 0.378699,
                "p(90)": 0.20017820000000003,
                "p(95)": 0.23623059999999993
            }
        }
    }
}