{
    "state": {
        "isStdOutTTY": true,
        "isStdErrTTY": true,
        "testRunDurationMs": 10131.688856
    },
    "metrics": {
        "vus_max": {
            "type": "gauge",
            "contains": "default",
            "values": {
                "value": 1,
                "min": 1,
                "max": 1
            }
        },
        "http_req_blocked": {
            "type": "trend",
            "contains": "time",
            "values": {
                "p(95)": 0.3812657999999993,
                "avg": 0.08082920000000002,
                "min": 0.006642,
                "med": 0.013529,
                "max": 0.670722,
                "p(90)": 0.09180959999999977
            }
        },
        "http_req_waiting": {
            "type": "trend",
            "contains": "time",
            "values": {
                "med": 9.0061575,
                "max": 27.022059,
                "p(90)": 12.343412699999995,
                "p(95)": 19.682735849999982,
                "avg": 10.788749200000002,
                "min": 5.456491
            }
        },
        "http_req_failed": {
            "type": "rate",
            "contains": "default",
            "values": {
                "rate": 0,
                "passes": 0,
                "fails": 10
            }
        },
        "http_req_tls_handshaking": {
            "type": "trend",
            "contains": "time",
            "values": {
                "avg": 0,
                "min": 0,
                "med": 0,
                "max": 0,
                "p(90)": 0,
                "p(95)": 0
            }
        },
        "http_req_sending": {
            "type": "trend",
            "contains": "time",
            "values": {
                "avg": 0.0488191,
                "min": 0.018449,
                "med": 0.0460265,
                "max": 0.083607,
                "p(90)": 0.06302669999999999,
                "p(95)": 0.07331684999999998
            }
        },
        "iteration_duration": {
            "type": "trend",
            "contains": "time",
            "values": {
                "min": 1006.963997,
                "med": 1011.204192,
                "max": 1030.614081,
                "p(90)": 1015.1081952,
                "p(95)": 1022.8611381,
                "avg": 1013.0920908
            }
        },
        "http_req_connecting": {
            "values": {
                "avg": 0.0251392,
                "min": 0,
                "med": 0,
                "max": 0.251392,
                "p(90)": 0.02513919999999991,
                "p(95)": 0.13826559999999974
            },
            "type": "trend",
            "contains": "time"
        },
        "data_received": {
            "type": "counter",
            "contains": "data",
            "values": {
                "count": 79880,
                "rate": 7884.174211754929
            }
        },
        "http_reqs": {
            "values": {
                "count": 10,
                "rate": 0.9870022798892
            },
            "type": "counter",
            "contains": "default"
        },
        "vus": {
            "type": "gauge",
            "contains": "default",
            "values": {
                "value": 1,
                "min": 1,
                "max": 1
            }
        },
        "data_sent": {
            "type": "counter",
            "contains": "data",
            "values": {
                "count": 1080,
                "rate": 106.59624622803359
            }
        },
        "checks": {
            "thresholds": {
                "rate==1.0": {
                    "ok": true
                }
            },
            "type": "rate",
            "contains": "default",
            "values": {
                "rate": 1,
                "passes": 30,
                "fails": 0
            }
        },
        "http_req_receiving": {
            "type": "trend",
            "contains": "time",
            "values": {
                "med": 0.174291,
                "max": 0.456786,
                "p(90)": 0.32766119999999993,
                "p(95)": 0.39222359999999984,
                "avg": 0.20737440000000001,
                "min": 0.113813
            }
        },
        "iterations": {
            "type": "counter",
            "contains": "default",
            "values": {
                "count": 10,
                "rate": 0.9870022798892
            }
        },
        "http_req_duration": {
            "type": "trend",
            "contains": "time",
            "values": {
                "avg": 11.044942699999998,
                "min": 5.588753,
                "med": 9.256529,
                "max": 27.562452,
                "p(90)": 12.725514599999995,
                "p(95)": 20.143983299999984
            },
            "thresholds": {
                "p(95)<500": {
                    "ok": true
                }
            }
        },
        "http_req_duration{expected_response:true}": {
            "type": "trend",
            "contains": "time",
            "values": {
                "med": 9.256529,
                "max": 27.562452,
                "p(90)": 12.725514599999995,
                "p(95)": 20.143983299999984,
                "avg": 11.044942699999998,
                "min": 5.588753
            }
        }
    },
    "root_group": {
        "checks": [
            {
                "id": "9fc2989e4f5bce205ffc0afd55836aea",
                "passes": 10,
                "fails": 0,
                "name": "Status é 200",
                "path": "::Status é 200"
            },
            {
                "name": "Retornou estrutura válida (Array)",
                "path": "::Retornou estrutura válida (Array)",
                "id": "872fab5d2270cd329486af08c5f4ca47",
                "passes": 10,
                "fails": 0
            },
            {
                "fails": 0,
                "name": "Resultados contêm o termo (se houver)",
                "path": "::Resultados contêm o termo (se houver)",
                "id": "9ba50b3f6568393159f94afa5125d692",
                "passes": 10
            }
        ],
        "name": "",
        "path": "",
        "id": "d41d8cd98f00b204e9800998ecf8427e",
        "groups": []
    },
    "options": {
        "summaryTrendStats": [
            "avg",
            "min",
            "med",
            "max",
            "p(90)",
            "p(95)"
        ],
        "summaryTimeUnit": "",
        "noColor": false
    }
}