{
    "metrics": {
        "http_req_receiving": {
            "type": "trend",
            "contains": "time",
            "values": {
                "avg": 0.12818084615384615,
                "min": 0.063736,
                "med": 0.126356,
                "max": 0.204983,
                "p(90)": 0.1841772,
                "p(95)": 0.19588399999999997
            }
        },
        "checks": {
            "contains": "default",
            "values": {
                "rate": 1,
                "passes": 30,
                "fails": 0
            },
            "thresholds": {
                "rate==1.0": {
                    "ok": true
                }
            },
            "type": "rate"
        },
        "http_req_connecting": {
            "type": "trend",
            "contains": "time",
            "values": {
                "avg": 0.014083692307692307,
                "min": 0,
                "med": 0,
                "max": 0.183088,
                "p(90)": 0,
                "p(95)": 0.07323519999999974
            }
        },
        "http_reqs": {
            "type": "counter",
            "contains": "default",
            "values": {
                "rate": 0.7007891526541893,
                "count": 13
            }
        },
        "iteration_duration": {
            "type": "trend",
            "contains": "time",
            "values": {
                "p(95)": 2995.88489605,
                "avg": 1854.9746414,
                "min": 600.956308,
                "med": 1623.1073185,
                "max": 3007.339804,
                "p(90)": 2984.4299881
            }
        },
        "http_req_waiting": {
            "type": "trend",
            "contains": "time",
            "values": {
                "p(90)": 68.4100454,
                "p(95)": 78.37589959999997,
                "avg": 43.49292515384616,
                "min": 9.596121,
                "med": 58.380108,
                "max": 92.436413
            }
        },
        "data_sent": {
            "type": "counter",
            "contains": "data",
            "values": {
                "count": 1400,
                "rate": 75.46960105506653
            }
        },
        "vus": {
            "type": "gauge",
            "contains": "default",
            "values": {
                "value": 1,
                "min": 1,
                "max": 1
            }
        },
        "http_req_blocked": {
            "type": "trend",
            "contains": "time",
            "values": {
                "avg": 0.03684200000000001,
                "min": 0.007585,
                "med": 0.013626,
                "max": 0.305255,
                "p(90)": 0.03382880000000002,
                "p(95)": 0.1452223999999996
            }
        },
        "http_req_tls_handshaking": {
            "type": "trend",
            "contains": "time",
            "values": {
                "p(90)": 0,
                "p(95)": 0,
                "avg": 0,
                "min": 0,
                "med": 0,
                "max": 0
            }
        },
        "data_received": {
            "type": "counter",
            "contains": "data",
            "values": {
                "count": 14799,
                "rate": 797.7675900099498
            }
        },
        "http_req_duration": {
            "type": "trend",
            "contains": "time",
            "values": {
                "avg": 43.67302707692307,
                "min": 9.712287,
                "med": 58.568548,
                "max": 92.716168,
                "p(90)": 68.6078134,
                "p(95)": 78.58794099999997
            }
        },
        "iterations": {
            "type": "counter",
            "contains": "default",
            "values": {
                "count": 10,
                "rate": 0.539068578964761
            }
        },
        "http_req_failed": {
            "type": "rate",
            "contains": "default",
            "values": {
                "rate": 0,
                "passes": 0,
                "fails": 13
            }
        },
        "vus_max": {
            "type": "gauge",
            "contains": "default",
            "values": {
                "value": 1,
                "min": 1,
                "max": 1
            }
        },
        "http_req_sending": {
            "type": "trend",
            "contains": "time",
            "values": {
                "p(95)": 0.10085059999999993,
                "avg": 0.05192107692307693,
                "min": 0.026817,
                "med": 0.042809,
                "max": 0.131426,
                "p(90)": 0.07932800000000001
            }
        },
        "http_req_duration{name:SearchPosts}": {
            "contains": "time",
            "values": {
                "p(90)": 66.6432298,
                "p(95)": 67.90617639999999,
                "avg": 35.088842400000004,
                "min": 9.712287,
                "med": 17.7470865,
                "max": 69.169123
            },
            "thresholds": {
                "p(95)<500": {
                    "ok": true
                },
                "avg<200": {
                    "ok": true
                }
            },
            "type": "trend"
        },
        "http_req_duration{expected_response:true}": {
            "type": "trend",
            "contains": "time",
            "values": {
                "avg": 43.67302707692307,
                "min": 9.712287,
                "med": 58.568548,
                "max": 92.716168,
                "p(90)": 68.6078134,
                "p(95)": 78.58794099999997
            }
        }
    },
    "root_group": {
        "name": "",
        "path": "",
        "id": "d41d8cd98f00b204e9800998ecf8427e",
        "groups": [],
        "checks": [
                {
                    "id": "9fc2989e4f5bce205ffc0afd55836aea",
                    "passes": 10,
                    "fails": 0,
                    "name": "Status é 200",
                    "path": "::Status é 200"
                },
                {
                    "name": "Retornou estrutura válida (Array)",
                    "path": "::Retornou estrutura válida (Array)",
                    "id": "872fab5d2270cd329486af08c5f4ca47",
                    "passes": 10,
                    "fails": 0
                },
                {
                    "name": "Resultados contêm o termo (se houver)",
                    "path": "::Resultados contêm o termo (se houver)",
                    "id": "9ba50b3f6568393159f94afa5125d692",
                    "passes": 10,
                    "fails": 0
                }
            ]
    },
    "options": {
        "summaryTimeUnit": "",
        "noColor": false,
        "summaryTrendStats": [
            "avg",
            "min",
            "med",
            "max",
            "p(90)",
            "p(95)"
        ]
    },
    "state": {
        "isStdErrTTY": true,
        "testRunDurationMs": 18550.515445,
        "isStdOutTTY": true
    }
}