{
    "options": {
        "summaryTimeUnit": "",
        "noColor": false,
        "summaryTrendStats": [
            "avg",
            "min",
            "med",
            "max",
            "p(90)",
            "p(95)"
        ]
    },
    "state": {
        "isStdOutTTY": false,
        "isStdErrTTY": false,
        "testRunDurationMs": 300079.546468
    },
    "metrics": {
        "iteration_duration": {
            "type": "trend",
            "contains": "time",
            "values": {
                "p(95)": 0.001593,
                "avg": 0.0010626657955518774,
                "min": 0.000294,
                "med": 0.000902,
                "max": 675.73669,
                "p(90)": 0.001284
            }
        },
        "http_req_receiving": {
            "values": {
                "p(95)": 0.0932132,
                "avg": 0.085215,
                "min": 0.077457,
                "med": 0.083945,
                "max": 0.094243,
                "p(90)": 0.0921834
            },
            "type": "trend",
            "contains": "time"
        },
        "http_req_sending": {
            "type": "trend",
            "contains": "time",
            "values": {
                "avg": 0.044283333333333334,
                "min": 0.015206,
                "med": 0.05616,
                "max": 0.061484,
                "p(90)": 0.0604192,
                "p(95)": 0.060951599999999995
            }
        },
        "http_req_waiting": {
            "type": "trend",
            "contains": "time",
            "values": {
                "max": 64.854889,
                "p(90)": 53.1395582,
                "p(95)": 58.9972236,
                "avg": 25.36633333333333,
                "min": 4.965876,
                "med": 6.278235
            }
        },
        "http_req_failed{scenario:stress_test}": {
            "thresholds": {
                "rate<0.10": {
                    "ok": true
                }
            },
            "type": "rate",
            "contains": "default",
            "values": {
                "rate": 0,
                "passes": 0,
                "fails": 0
            }
        },
        "http_req_blocked": {
            "values": {
                "avg": 0.172883,
                "min": 0.002679,
                "med": 0.24393,
                "max": 0.27204,
                "p(90)": 0.266418,
                "p(95)": 0.269229
            },
            "type": "trend",
            "contains": "time"
        },
        "http_req_duration{scenario:stress_test}": {
            "type": "trend",
            "contains": "time",
            "values": {
                "avg": 0,
                "min": 0,
                "med": 0,
                "max": 0,
                "p(90)": 0,
                "p(95)": 0
            },
            "thresholds": {
                "p(95)<3000": {
                    "ok": true
                }
            }
        },
        "http_req_tls_handshaking": {
            "type": "trend",
            "contains": "time",
            "values": {
                "max": 0,
                "p(90)": 0,
                "p(95)": 0,
                "avg": 0,
                "min": 0,
                "med": 0
            }
        },
        "checks{scenario:stress_test}": {
            "type": "rate",
            "contains": "default",
            "values": {
                "rate": 0,
                "passes": 0,
                "fails": 0
            },
            "thresholds": {
                "rate>0.95": {
                    "ok": true
                }
            }
        },
        "http_reqs": {
            "type": "counter",
            "contains": "default",
            "values": {
                "count": 3,
                "rate": 0.009997349153951469
            }
        },
        "http_req_failed": {
            "values": {
                "rate": 0,
                "passes": 0,
                "fails": 3
            },
            "type": "rate",
            "contains": "default"
        },
        "checks": {
            "type": "rate",
            "contains": "default",
            "values": {
                "rate": 0,
                "passes": 0,
                "fails": 0
            }
        },
        "http_req_connecting": {
            "values": {
                "min": 0,
                "med": 0.16448,
                "max": 0.182213,
                "p(90)": 0.1786664,
                "p(95)": 0.1804397,
                "avg": 0.11556433333333334
            },
            "type": "trend",
            "contains": "time"
        },
        "nodejs_memory_heap_used_bytes": {
            "thresholds": {
                "max<1073741824": {
                    "ok": true
                }
            },
            "type": "trend",
            "contains": "default",
            "values": {
                "max": 0,
                "p(90)": 0,
                "p(95)": 0,
                "avg": 0,
                "min": 0,
                "med": 0
            }
        },
        "http_req_duration{expected_response:true}": {
            "type": "trend",
            "contains": "time",
            "values": {
                "avg": 25.495831666666664,
                "min": 5.065027,
                "med": 6.411852,
                "max": 65.010616,
                "p(90)": 53.290863200000004,
                "p(95)": 59.150739599999994
            }
        },
        "data_received": {
            "type": "counter",
            "contains": "data",
            "values": {
                "count": 3512,
                "rate": 11.703563409559186
            }
        },
        "http_req_duration": {
            "type": "trend",
            "contains": "time",
            "values": {
                "p(95)": 59.150739599999994,
                "avg": 25.495831666666664,
                "min": 5.065027,
                "med": 6.411852,
                "max": 65.010616,
                "p(90)": 53.290863200000004
            }
        },
        "iterations": {
            "type": "counter",
            "contains": "default",
            "values": {
                "count": 212931076,
                "rate": 709582.1041661919
            }
        },
        "vus_max": {
            "type": "gauge",
            "contains": "default",
            "values": {
                "value": 101,
                "min": 101,
                "max": 101
            }
        },
        "data_sent": {
            "type": "counter",
            "contains": "data",
            "values": {
                "count": 885,
                "rate": 2.949218000415683
            }
        },
        "vus": {
            "values": {
                "min": 1,
                "max": 101,
                "value": 1
            },
            "type": "gauge",
            "contains": "default"
        }
    },
    "setup_data": {
        "token": "*** TOKEN OCULTO ***"
    },
    "root_group": {
        "id": "d41d8cd98f00b204e9800998ecf8427e",
        "groups": [],
        "checks": [],
        "name": "",
        "path": ""
    }
}