{
    "metrics": {
        "http_req_sending": {
            "values": {
                "avg": 0.05283457212713937,
                "min": 0.011142,
                "med": 0.045042,
                "max": 0.348842,
                "p(90)": 0.09005780000000001,
                "p(95)": 0.11827939999999998
            },
            "type": "trend",
            "contains": "time"
        },
        "iterations": {
            "type": "counter",
            "contains": "default",
            "values": {
                "count": 204,
                "rate": 4.017267286462341
            }
        },
        "data_sent": {
            "type": "counter",
            "contains": "data",
            "values": {
                "count": 190666,
                "rate": 3754.6876688266116
            }
        },
        "vus_max": {
            "contains": "default",
            "values": {
                "value": 5,
                "min": 5,
                "max": 5
            },
            "type": "gauge"
        },
        "http_reqs": {
            "type": "counter",
            "contains": "default",
            "values": {
                "count": 409,
                "rate": 8.054227059623027
            }
        },
        "http_req_duration": {
            "type": "trend",
            "contains": "time",
            "values": {
                "med": 4.615381,
                "max": 66.131362,
                "p(90)": 12.578425,
                "p(95)": 13.714502199999995,
                "avg": 6.822042806845962,
                "min": 0.745058
            },
            "thresholds": {
                "p(95)<2000": {
                    "ok": true
                }
            }
        },
        "http_req_blocked": {
            "values": {
                "p(90)": 0.018983999999999997,
                "p(95)": 0.02338379999999999,
                "avg": 0.021887418092909554,
                "min": 0.00313,
                "med": 0.011702,
                "max": 0.800379
            },
            "type": "trend",
            "contains": "time"
        },
        "http_req_tls_handshaking": {
            "type": "trend",
            "contains": "time",
            "values": {
                "avg": 0,
                "min": 0,
                "med": 0,
                "max": 0,
                "p(90)": 0,
                "p(95)": 0
            }
        },
        "http_req_failed": {
            "values": {
                "rate": 0,
                "passes": 0,
                "fails": 409
            },
            "thresholds": {
                "rate<0.01": {
                    "ok": true
                }
            },
            "type": "rate",
            "contains": "default"
        },
        "http_req_waiting": {
            "values": {
                "p(95)": 13.4390608,
                "avg": 6.644974271393645,
                "min": 0.675653,
                "med": 4.427537,
                "max": 65.876914,
                "p(90)": 12.3824112
            },
            "type": "trend",
            "contains": "time"
        },
        "http_req_receiving": {
            "type": "trend",
            "contains": "time",
            "values": {
                "p(90)": 0.211082,
                "p(95)": 0.24449599999999996,
                "avg": 0.12423396332518352,
                "min": 0.019953,
                "med": 0.110377,
                "max": 0.781303
            }
        },
        "data_received": {
            "type": "counter",
            "contains": "data",
            "values": {
                "count": 179172,
                "rate": 3528.342226715836
            }
        },
        "vus": {
            "type": "gauge",
            "contains": "default",
            "values": {
                "max": 5,
                "value": 1,
                "min": 1
            }
        },
        "http_req_duration{expected_response:true}": {
            "type": "trend",
            "contains": "time",
            "values": {
                "med": 4.615381,
                "max": 66.131362,
                "p(90)": 12.578425,
                "p(95)": 13.714502199999995,
                "avg": 6.822042806845962,
                "min": 0.745058
            }
        },
        "http_req_connecting": {
            "type": "trend",
            "contains": "time",
            "values": {
                "min": 0,
                "med": 0,
                "max": 0.591654,
                "p(90)": 0,
                "p(95)": 0,
                "avg": 0.006403330073349632
            }
        },
        "checks": {
            "contains": "default",
            "values": {
                "rate": 1,
                "passes": 612,
                "fails": 0
            },
            "type": "rate"
        },
        "iteration_duration": {
            "type": "trend",
            "contains": "time",
            "values": {
                "avg": 1014.9598378186273,
                "min": 1006.271576,
                "med": 1014.8846585,
                "max": 1047.923141,
                "p(90)": 1017.2640977,
                "p(95)": 1018.35018695
            }
        }
    },
    "setup_data": {
        "token": "*** TOKEN OCULTO ***"
    },
    "root_group": {
        "checks": [
            {
                "path": "::status é 200",
                "id": "b16e99ca05db78d0783cae331c9a2805",
                "passes": 204,
                "fails": 0,
                "name": "status é 200"
            },
            {
                "id": "add365d2153ec64cc08b7c902b991b58",
                "passes": 204,
                "fails": 0,
                "name": "retorna url",
                "path": "::retorna url"
            },
            {
                "fails": 0,
                "name": "arquivo salvo no disco (GET 200)",
                "path": "::arquivo salvo no disco (GET 200)",
                "id": "8a45225a5a2b6c57de478234104b24b7",
                "passes": 204
            }
        ],
        "name": "",
        "path": "",
        "id": "d41d8cd98f00b204e9800998ecf8427e",
        "groups": []
    },
    "options": {
        "summaryTrendStats": [
            "avg",
            "min",
            "med",
            "max",
            "p(90)",
            "p(95)"
        ],
        "summaryTimeUnit": "",
        "noColor": false
    },
    "state": {
        "isStdOutTTY": true,
        "isStdErrTTY": true,
        "testRunDurationMs": 50780.788395
    }
}