{
    "state": {
        "isStdOutTTY": true,
        "isStdErrTTY": true,
        "testRunDurationMs": 50721.295256
    },
    "metrics": {
        "http_req_duration{expected_response:true}": {
            "type": "trend",
            "contains": "time",
            "values": {
                "p(90)": 12.152684,
                "p(95)": 13.740349,
                "avg": 6.320529630170323,
                "min": 0.675167,
                "med": 3.931509,
                "max": 66.48122
            }
        },
        "http_req_duration": {
            "type": "trend",
            "contains": "time",
            "values": {
                "p(90)": 12.152684,
                "p(95)": 13.740349,
                "avg": 6.320529630170323,
                "min": 0.675167,
                "med": 3.931509,
                "max": 66.48122
            },
            "thresholds": {
                "p(95)<2000": {
                    "ok": true
                }
            }
        },
        "http_req_blocked": {
            "type": "trend",
            "contains": "time",
            "values": {
                "p(90)": 0.016096,
                "p(95)": 0.019512500000000002,
                "avg": 0.01767133819951338,
                "min": 0.000958,
                "med": 0.009989,
                "max": 0.631615
            }
        },
        "data_received": {
            "type": "counter",
            "contains": "data",
            "values": {
                "count": 180052,
                "rate": 3549.8304822706796
            }
        },
        "vus": {
            "type": "gauge",
            "contains": "default",
            "values": {
                "value": 1,
                "min": 1,
                "max": 5
            }
        },
        "http_req_failed": {
            "type": "rate",
            "contains": "default",
            "values": {
                "rate": 0,
                "passes": 0,
                "fails": 411
            },
            "thresholds": {
                "rate<0.01": {
                    "ok": true
                }
            }
        },
        "iteration_duration": {
            "type": "trend",
            "contains": "time",
            "values": {
                "avg": 1013.7608077317076,
                "min": 1005.552507,
                "med": 1013.258613,
                "max": 1056.550593,
                "p(90)": 1017.2985,
                "p(95)": 1018.1696605999999
            }
        },
        "iterations": {
            "type": "counter",
            "contains": "default",
            "values": {
                "count": 205,
                "rate": 4.041694892950311
            }
        },
        "http_reqs": {
            "type": "counter",
            "contains": "default",
            "values": {
                "count": 411,
                "rate": 8.10310537074428
            }
        },
        "http_req_connecting": {
            "type": "trend",
            "contains": "time",
            "values": {
                "min": 0,
                "med": 0,
                "max": 0.481406,
                "p(90)": 0,
                "p(95)": 0,
                "avg": 0.00524076399026764
            }
        },
        "http_req_sending": {
            "type": "trend",
            "contains": "time",
            "values": {
                "p(95)": 0.086954,
                "avg": 0.04449159610705598,
                "min": 0.003143,
                "med": 0.040935,
                "max": 0.390018,
                "p(90)": 0.070807
            }
        },
        "vus_max": {
            "contains": "default",
            "values": {
                "value": 5,
                "min": 5,
                "max": 5
            },
            "type": "gauge"
        },
        "checks": {
            "type": "rate",
            "contains": "default",
            "values": {
                "rate": 1,
                "passes": 615,
                "fails": 0
            }
        },
        "http_req_tls_handshaking": {
            "values": {
                "avg": 0,
                "min": 0,
                "med": 0,
                "max": 0,
                "p(90)": 0,
                "p(95)": 0
            },
            "type": "trend",
            "contains": "time"
        },
        "http_req_receiving": {
            "type": "trend",
            "contains": "time",
            "values": {
                "avg": 0.0904075669099756,
                "min": 0.008892,
                "med": 0.084653,
                "max": 0.638389,
                "p(90)": 0.1475,
                "p(95)": 0.1731395
            }
        },
        "http_req_waiting": {
            "contains": "time",
            "values": {
                "p(90)": 12.024751,
                "p(95)": 13.4895105,
                "avg": 6.185630467153288,
                "min": 0.639101,
                "med": 3.80382,
                "max": 66.302281
            },
            "type": "trend"
        },
        "data_sent": {
            "type": "counter",
            "contains": "data",
            "values": {
                "count": 191600,
                "rate": 3777.5060560452657
            }
        }
    },
    "setup_data": {
        "token": "*** TOKEN OCULTO ***"
    },
    "root_group": {
        "id": "d41d8cd98f00b204e9800998ecf8427e",
        "groups": [],
        "checks": [
                {
                    "name": "status é 200",
                    "path": "::status é 200",
                    "id": "b16e99ca05db78d0783cae331c9a2805",
                    "passes": 205,
                    "fails": 0
                },
                {
                    "passes": 205,
                    "fails": 0,
                    "name": "retorna url",
                    "path": "::retorna url",
                    "id": "add365d2153ec64cc08b7c902b991b58"
                },
                {
                    "name": "arquivo salvo no disco (GET 200)",
                    "path": "::arquivo salvo no disco (GET 200)",
                    "id": "8a45225a5a2b6c57de478234104b24b7",
                    "passes": 205,
                    "fails": 0
                }
            ],
        "name": "",
        "path": ""
    },
    "options": {
        "summaryTimeUnit": "",
        "noColor": false,
        "summaryTrendStats": [
            "avg",
            "min",
            "med",
            "max",
            "p(90)",
            "p(95)"
        ]
    }
}