{
    "metrics": {
        "http_req_sending": {
            "type": "trend",
            "contains": "time",
            "values": {
                "avg": 0.05231743835616436,
                "min": 0.012333,
                "med": 0.042249,
                "max": 0.394066,
                "p(90)": 0.07918560000000001,
                "p(95)": 0.11505729999999992
            }
        },
        "data_sent": {
            "contains": "data",
            "values": {
                "count": 104781,
                "rate": 2015.496188562445
            },
            "type": "counter"
        },
        "checks": {
            "type": "rate",
            "contains": "default",
            "values": {
                "rate": 1,
                "passes": 327,
                "fails": 0
            }
        },
        "http_req_waiting": {
            "contains": "time",
            "values": {
                "max": 114.480626,
                "p(90)": 12.8247808,
                "p(95)": 13.7570827,
                "avg": 7.445051438356164,
                "min": 0.812259,
                "med": 5.00363
            },
            "type": "trend"
        },
        "http_req_blocked": {
            "type": "trend",
            "contains": "time",
            "values": {
                "max": 0.979066,
                "p(90)": 0.01848840000000001,
                "p(95)": 0.024139099999999997,
                "avg": 0.02897818264840185,
                "min": 0.002967,
                "med": 0.011861
            }
        },
        "data_received": {
            "type": "counter",
            "contains": "data",
            "values": {
                "rate": 2926.6348822170758,
                "count": 152149
            }
        },
        "vus_max": {
            "values": {
                "max": 5,
                "value": 5,
                "min": 5
            },
            "type": "gauge",
            "contains": "default"
        },
        "http_req_tls_handshaking": {
            "type": "trend",
            "contains": "time",
            "values": {
                "med": 0,
                "max": 0,
                "p(90)": 0,
                "p(95)": 0,
                "avg": 0,
                "min": 0
            }
        },
        "http_req_receiving": {
            "type": "trend",
            "contains": "time",
            "values": {
                "min": 0.036144,
                "med": 0.121311,
                "max": 0.380037,
                "p(90)": 0.2036906,
                "p(95)": 0.23712149999999999,
                "avg": 0.13024126940639275
            }
        },
        "http_req_duration": {
            "thresholds": {
                "p(95)<2000": {
                    "ok": true
                }
            },
            "type": "trend",
            "contains": "time",
            "values": {
                "max": 114.686607,
                "p(90)": 13.0167046,
                "p(95)": 14.059801799999999,
                "avg": 7.627610146118714,
                "min": 0.874899,
                "med": 5.2581
            }
        },
        "http_reqs": {
            "values": {
                "rate": 4.212535338421808,
                "count": 219
            },
            "type": "counter",
            "contains": "default"
        },
        "http_req_failed": {
            "type": "rate",
            "contains": "default",
            "values": {
                "rate": 0,
                "passes": 0,
                "fails": 219
            },
            "thresholds": {
                "rate<0.01": {
                    "ok": true
                }
            }
        },
        "vus": {
            "type": "gauge",
            "contains": "default",
            "values": {
                "value": 1,
                "min": 1,
                "max": 5
            }
        },
        "http_req_duration{expected_response:true}": {
            "type": "trend",
            "contains": "time",
            "values": {
                "avg": 7.627610146118714,
                "min": 0.874899,
                "med": 5.2581,
                "max": 114.686607,
                "p(90)": 13.0167046,
                "p(95)": 14.059801799999999
            }
        },
        "iteration_duration": {
            "type": "trend",
            "contains": "time",
            "values": {
                "avg": 1945.1995082660553,
                "min": 1052.22875,
                "med": 1926.100155,
                "max": 2961.185937,
                "p(90)": 2745.4217227999998,
                "p(95)": 2891.5212896000003
            }
        },
        "iterations": {
            "type": "counter",
            "contains": "default",
            "values": {
                "count": 109,
                "rate": 2.0966500086209
            }
        },
        "http_req_connecting": {
            "type": "trend",
            "contains": "time",
            "values": {
                "p(90)": 0,
                "p(95)": 0,
                "avg": 0.011813890410958905,
                "min": 0,
                "med": 0,
                "max": 0.601106
            }
        }
    },
    "setup_data": {
        "token": "*** TOKEN OCULTO ***"
    },
    "root_group": {
        "path": "",
        "id": "d41d8cd98f00b204e9800998ecf8427e",
        "groups": [],
        "checks": [
                {
                    "fails": 0,
                    "name": "status é 200",
                    "path": "::status é 200",
                    "id": "b16e99ca05db78d0783cae331c9a2805",
                    "passes": 109
                },
                {
                    "name": "retorna url",
                    "path": "::retorna url",
                    "id": "add365d2153ec64cc08b7c902b991b58",
                    "passes": 109,
                    "fails": 0
                },
                {
                    "id": "8a45225a5a2b6c57de478234104b24b7",
                    "passes": 109,
                    "fails": 0,
                    "name": "arquivo salvo no disco (GET 200)",
                    "path": "::arquivo salvo no disco (GET 200)"
                }
            ],
        "name": ""
    },
    "options": {
        "summaryTrendStats": [
            "avg",
            "min",
            "med",
            "max",
            "p(90)",
            "p(95)"
        ],
        "summaryTimeUnit": "",
        "noColor": false
    },
    "state": {
        "isStdErrTTY": true,
        "testRunDurationMs": 51987.694442,
        "isStdOutTTY": true
    }
}