{
    "state": {
        "isStdOutTTY": true,
        "isStdErrTTY": true,
        "testRunDurationMs": 5055.604438
    },
    "metrics": {
        "http_req_receiving": {
            "values": {
                "p(95)": 0.26078979999999996,
                "avg": 0.1774654,
                "min": 0.103877,
                "med": 0.16054,
                "max": 0.280096,
                "p(90)": 0.24148360000000002
            },
            "type": "trend",
            "contains": "time"
        },
        "checks": {
            "type": "rate",
            "contains": "default",
            "values": {
                "rate": 1,
                "passes": 20,
                "fails": 0
            },
            "thresholds": {
                "rate==1.0": {
                    "ok": true
                }
            }
        },
        "http_reqs": {
            "type": "counter",
            "contains": "default",
            "values": {
                "count": 5,
                "rate": 0.9890014263018574
            }
        },
        "http_req_duration{expected_response:true}": {
            "values": {
                "p(95)": 13.8145844,
                "avg": 9.266281600000001,
                "min": 4.36022,
                "med": 9.923022,
                "max": 14.348312,
                "p(90)": 13.2808568
            },
            "type": "trend",
            "contains": "time"
        },
        "iterations": {
            "type": "counter",
            "contains": "default",
            "values": {
                "count": 5,
                "rate": 0.9890014263018574
            }
        },
        "http_req_connecting": {
            "type": "trend",
            "contains": "time",
            "values": {
                "avg": 0.05407920000000001,
                "min": 0,
                "med": 0,
                "max": 0.270396,
                "p(90)": 0.16223760000000004,
                "p(95)": 0.21631679999999998
            }
        },
        "vus": {
            "type": "gauge",
            "contains": "default",
            "values": {
                "max": 1,
                "value": 1,
                "min": 1
            }
        },
        "http_req_blocked": {
            "type": "trend",
            "contains": "time",
            "values": {
                "p(90)": 0.2950184,
                "p(95)": 0.3872831999999999,
                "avg": 0.10537440000000001,
                "min": 0.004048,
                "med": 0.013015,
                "max": 0.479548
            }
        },
        "http_req_failed": {
            "type": "rate",
            "contains": "default",
            "values": {
                "rate": 0,
                "passes": 0,
                "fails": 5
            }
        },
        "data_sent": {
            "type": "counter",
            "contains": "data",
            "values": {
                "rate": 97.71334091862352,
                "count": 494
            }
        },
        "vus_max": {
            "type": "gauge",
            "contains": "default",
            "values": {
                "value": 1,
                "min": 1,
                "max": 1
            }
        },
        "http_req_duration": {
            "type": "trend",
            "contains": "time",
            "values": {
                "p(95)": 13.8145844,
                "avg": 9.266281600000001,
                "min": 4.36022,
                "med": 9.923022,
                "max": 14.348312,
                "p(90)": 13.2808568
            },
            "thresholds": {
                "p(95)<500": {
                    "ok": true
                }
            }
        },
        "iteration_duration": {
            "type": "trend",
            "contains": "time",
            "values": {
                "med": 1011.371227,
                "max": 1015.738595,
                "p(90)": 1014.7955794,
                "p(95)": 1015.2670872,
                "avg": 1011.019533,
                "min": 1006.350078
            }
        },
        "http_req_waiting": {
            "type": "trend",
            "contains": "time",
            "values": {
                "p(95)": 13.5042944,
                "avg": 9.0338162,
                "min": 4.244037,
                "med": 9.725017,
                "max": 14.023613,
                "p(90)": 12.9849758
            }
        },
        "data_received": {
            "type": "counter",
            "contains": "data",
            "values": {
                "count": 3193,
                "rate": 631.5763108363661
            }
        },
        "http_req_tls_handshaking": {
            "values": {
                "min": 0,
                "med": 0,
                "max": 0,
                "p(90)": 0,
                "p(95)": 0,
                "avg": 0
            },
            "type": "trend",
            "contains": "time"
        },
        "http_req_sending": {
            "type": "trend",
            "contains": "time",
            "values": {
                "avg": 0.05500000000000001,
                "min": 0.012306,
                "med": 0.044603,
                "max": 0.111537,
                "p(90)": 0.0945578,
                "p(95)": 0.10304739999999998
            }
        }
    },
    "root_group": {
        "name": "",
        "path": "",
        "id": "d41d8cd98f00b204e9800998ecf8427e",
        "groups": [],
        "checks": [
                {
                    "name": "Status é 200",
                    "path": "::Status é 200",
                    "id": "9fc2989e4f5bce205ffc0afd55836aea",
                    "passes": 5,
                    "fails": 0
                },
                {
                    "name": "Retornou lista de vídeos",
                    "path": "::Retornou lista de vídeos",
                    "id": "dfa5c053ff72597e070d2882d1811ef3",
                    "passes": 5,
                    "fails": 0
                },
                {
                    "fails": 0,
                    "name": "Retornou metadados de paginação",
                    "path": "::Retornou metadados de paginação",
                    "id": "1ea0bfc694a19a0f78bb9c5cbdf3681d",
                    "passes": 5
                },
                {
                    "id": "59b9d7a1da7ffb9acb3d1c1f66c70c53",
                    "passes": 5,
                    "fails": 0,
                    "name": "Paginação está correta",
                    "path": "::Paginação está correta"
                }
            ]
    },
    "options": {
        "summaryTimeUnit": "",
        "noColor": false,
        "summaryTrendStats": [
            "avg",
            "min",
            "med",
            "max",
            "p(90)",
            "p(95)"
        ]
    }
}