{
    "state": {
        "isStdOutTTY": false,
        "isStdErrTTY": false,
        "testRunDurationMs": 20283.282881
    },
    "metrics": {
        "data_sent": {
            "type": "counter",
            "contains": "data",
            "values": {
                "count": 15535,
                "rate": 765.9016585797425
            }
        },
        "http_req_duration{name:ListVideos_Page1}": {
            "values": {
                "min": 6.367925,
                "med": 16.922105,
                "max": 812.137167,
                "p(90)": 19.6872656,
                "p(95)": 22.887500799999998,
                "avg": 27.749453138461536
            },
            "thresholds": {
                "p(95)<500": {
                    "ok": true
                }
            },
            "type": "trend",
            "contains": "time"
        },
        "http_req_duration": {
            "type": "trend",
            "contains": "time",
            "values": {
                "p(90)": 18.634855800000004,
                "p(95)": 21.820808649999996,
                "avg": 20.448651407692314,
                "min": 5.067624,
                "med": 12.051654,
                "max": 812.137167
            }
        },
        "http_reqs": {
            "type": "counter",
            "contains": "default",
            "values": {
                "count": 130,
                "rate": 6.4092189002488915
            }
        },
        "data_received": {
            "values": {
                "count": 150020,
                "rate": 7396.238610887221
            },
            "type": "counter",
            "contains": "data"
        },
        "http_req_blocked": {
            "values": {
                "avg": 0.037136700000000016,
                "min": 0.002501,
                "med": 0.008645,
                "max": 1.311095,
                "p(90)": 0.022262300000000013,
                "p(95)": 0.04672284999999999
            },
            "type": "trend",
            "contains": "time"
        },
        "http_req_connecting": {
            "values": {
                "avg": 0.016833353846153847,
                "min": 0,
                "med": 0,
                "max": 0.627674,
                "p(90)": 0,
                "p(95)": 0
            },
            "type": "trend",
            "contains": "time"
        },
        "http_req_waiting": {
            "values": {
                "p(90)": 18.481032000000003,
                "p(95)": 21.719203899999997,
                "avg": 20.30698256153847,
                "min": 4.996545,
                "med": 11.942681,
                "max": 811.84689
            },
            "type": "trend",
            "contains": "time"
        },
        "vus": {
            "values": {
                "value": 2,
                "min": 1,
                "max": 5
            },
            "type": "gauge",
            "contains": "default"
        },
        "vus_max": {
            "type": "gauge",
            "contains": "default",
            "values": {
                "value": 5,
                "min": 5,
                "max": 5
            }
        },
        "http_req_tls_handshaking": {
            "type": "trend",
            "contains": "time",
            "values": {
                "avg": 0,
                "min": 0,
                "med": 0,
                "max": 0,
                "p(90)": 0,
                "p(95)": 0
            }
        },
        "http_req_sending": {
            "type": "trend",
            "contains": "time",
            "values": {
                "avg": 0.03924093846153845,
                "min": 0.009559,
                "med": 0.029547999999999998,
                "max": 0.221674,
                "p(90)": 0.057648500000000026,
                "p(95)": 0.09789729999999996
            }
        },
        "http_req_duration{name:ListVideos_Page2}": {
            "thresholds": {
                "p(95)<500": {
                    "ok": true
                }
            },
            "type": "trend",
            "contains": "time",
            "values": {
                "avg": 13.14784967692308,
                "min": 5.067624,
                "med": 10.105189,
                "max": 178.757018,
                "p(90)": 14.7215188,
                "p(95)": 18.636286399999996
            }
        },
        "http_req_failed": {
            "type": "rate",
            "contains": "default",
            "values": {
                "rate": 0,
                "passes": 0,
                "fails": 130
            }
        },
        "iterations": {
            "type": "counter",
            "contains": "default",
            "values": {
                "count": 65,
                "rate": 3.2046094501244458
            }
        },
        "http_req_receiving": {
            "type": "trend",
            "contains": "time",
            "values": {
                "med": 0.08723449999999999,
                "max": 0.268466,
                "p(90)": 0.16529500000000003,
                "p(95)": 0.18918629999999997,
                "avg": 0.1024279076923077,
                "min": 0.047481
            }
        },
        "iteration_duration": {
            "type": "trend",
            "contains": "time",
            "values": {
                "p(90)": 1810.8599858,
                "p(95)": 1862.7619828,
                "avg": 1230.0752902000006,
                "min": 542.673432,
                "med": 1184.580074,
                "max": 1957.026336
            }
        },
        "checks": {
            "type": "rate",
            "contains": "default",
            "values": {
                "rate": 0.9978021978021978,
                "passes": 454,
                "fails": 1
            }
        },
        "http_req_duration{expected_response:true}": {
            "type": "trend",
            "contains": "time",
            "values": {
                "p(95)": 21.820808649999996,
                "avg": 20.448651407692314,
                "min": 5.067624,
                "med": 12.051654,
                "max": 812.137167,
                "p(90)": 18.634855800000004
            }
        }
    },
    "root_group": {
        "name": "",
        "path": "",
        "id": "d41d8cd98f00b204e9800998ecf8427e",
        "groups": [],
        "checks": [
                {
                    "id": "b16e99ca05db78d0783cae331c9a2805",
                    "passes": 65,
                    "fails": 0,
                    "name": "status é 200",
                    "path": "::status é 200"
                },
                {
                    "path": "::retornou objeto com videos",
                    "id": "2da88c21a3a5f3841f26983aa10bd801",
                    "passes": 65,
                    "fails": 0,
                    "name": "retornou objeto com videos"
                },
                {
                    "name": "retornou metadados de paginação",
                    "path": "::retornou metadados de paginação",
                    "id": "2f766d60e14da1d6d99def619a1dbc1f",
                    "passes": 65,
                    "fails": 0
                },
                {
                    "name": "página 1 tempo < 300ms",
                    "path": "::página 1 tempo < 300ms",
                    "id": "f414767799b54f6dc2e3a9b33f96f5a1",
                    "passes": 64,
                    "fails": 1
                },
                {
                    "name": "página 2 status é 200",
                    "path": "::página 2 status é 200",
                    "id": "27a6cdae7d7550adb432c10a855686fc",
                    "passes": 65,
                    "fails": 0
                },
                {
                    "passes": 65,
                    "fails": 0,
                    "name": "está na página 2",
                    "path": "::está na página 2",