{
    "state": {
        "isStdErrTTY": true,
        "testRunDurationMs": 7340.715502,
        "isStdOutTTY": true
    },
    "metrics": {
        "http_req_connecting": {
            "values": {
                "avg": 0.047456399999999996,
                "min": 0,
                "med": 0,
                "max": 0.237282,
                "p(90)": 0.14236920000000003,
                "p(95)": 0.18982559999999996
            },
            "type": "trend",
            "contains": "time"
        },
        "data_sent": {
            "type": "counter",
            "contains": "data",
            "values": {
                "count": 498,
                "rate": 67.84079833421121
            }
        },
        "http_req_receiving": {
            "type": "trend",
            "contains": "time",
            "values": {
                "p(90)": 0.465032,
                "p(95)": 0.551966,
                "avg": 0.2359208,
                "min": 0.051372,
                "med": 0.174697,
                "max": 0.6389
            }
        },
        "http_reqs": {
            "values": {
                "count": 5,
                "rate": 0.6811325133956948
            },
            "type": "counter",
            "contains": "default"
        },
        "http_req_duration": {
            "type": "trend",
            "contains": "time",
            "values": {
                "avg": 57.24442099999999,
                "min": 12.563673,
                "med": 62.504868,
                "max": 133.950699,
                "p(90)": 105.6064166,
                "p(95)": 119.77855779999999
            }
        },
        "http_req_blocked": {
            "values": {
                "avg": 0.07685159999999999,
                "min": 0.008576,
                "med": 0.0149,
                "max": 0.331109,
                "p(90)": 0.20521620000000004,
                "p(95)": 0.2681625999999999
            },
            "type": "trend",
            "contains": "time"
        },
        "http_req_tls_handshaking": {
            "type": "trend",
            "contains": "time",
            "values": {
                "max": 0,
                "p(90)": 0,
                "p(95)": 0,
                "avg": 0,
                "min": 0,
                "med": 0
            }
        },
        "http_req_failed": {
            "contains": "default",
            "values": {
                "fails": 5,
                "rate": 0,
                "passes": 0
            },
            "type": "rate"
        },
        "http_req_duration{expected_response:true}": {
            "type": "trend",
            "contains": "time",
            "values": {
                "avg": 57.24442099999999,
                "min": 12.563673,
                "med": 62.504868,
                "max": 133.950699,
                "p(90)": 105.6064166,
                "p(95)": 119.77855779999999
            }
        },
        "iterations": {
            "type": "counter",
            "contains": "default",
            "values": {
                "count": 5,
                "rate": 0.6811325133956948
            }
        },
        "http_req_waiting": {
            "type": "trend",
            "contains": "time",
            "values": {
                "max": 133.62772,
                "p(90)": 105.3197864,
                "p(95)": 119.47375319999999,
                "avg": 56.9515034,
                "min": 12.426333,
                "med": 61.825389
            }
        },
        "vus": {
            "type": "gauge",
            "contains": "default",
            "values": {
                "value": 1,
                "min": 1,
                "max": 1
            }
        },
        "checks": {
            "type": "rate",
            "contains": "default",
            "values": {
                "rate": 1,
                "passes": 15,
                "fails": 0
            },
            "thresholds": {
                "rate>0.85": {
                    "ok": true
                }
            }
        },
        "iteration_duration": {
            "values": {
                "avg": 1468.0480428,
                "min": 857.894046,
                "med": 1642.851653,
                "max": 1951.234222,
                "p(90)": 1911.918432,
                "p(95)": 1931.576327
            },
            "type": "trend",
            "contains": "time"
        },
        "vus_max": {
            "type": "gauge",
            "contains": "default",
            "values": {
                "max": 1,
                "value": 1,
                "min": 1
            }
        },
        "data_received": {
            "contains": "data",
            "values": {
                "count": 4335,
                "rate": 590.5418891140674
            },
            "type": "counter"
        },
        "http_req_sending": {
            "contains": "time",
            "values": {
                "med": 0.041311,
                "max": 0.118749,
                "p(90)": 0.0942134,
                "p(95)": 0.10648119999999998,
                "avg": 0.05699679999999999,
                "min": 0.026935
            },
            "type": "trend"
        }
    },
    "root_group": {
        "id": "d41d8cd98f00b204e9800998ecf8427e",
        "groups": [],
        "checks": [
                {
                    "name": "Status é 200",
                    "path": "::Status é 200",
                    "id": "9fc2989e4f5bce205ffc0afd55836aea",
                    "passes": 5,
                    "fails": 0
                },
                {
                    "id": "73ce46de4ebee0b97e6e22e2b6c7d556",
                    "passes": 5,
                    "fails": 0,
                    "name": "Retornou lista de videos",
                    "path": "::Retornou lista de videos"
                },
                {
                    "name": "Filtro funcionou (termo encontrado)",
                    "path": "::Filtro funcionou (termo encontrado)",
                    "id": "ec0787579ea306ebc008d69b348f39d4",
                    "passes": 5,
                    "fails": 0
                }
            ],
        "name": "",
        "path": ""
    },
    "options": {
        "summaryTrendStats": [
            "avg",
            "min",
            "med",
            "max",
            "p(90)",
            "p(95)"
        ],
        "summaryTimeUnit": "",
        "noColor": false
    }
}