{
    "options": {
        "summaryTrendStats": [
            "avg",
            "min",
            "med",
            "max",
            "p(90)",
            "p(95)"
        ],
        "summaryTimeUnit": "",
        "noColor": false
    },
    "state": {
        "isStdErrTTY": true,
        "testRunDurationMs": 2034.605855,
        "isStdOutTTY": true
    },
    "metrics": {
        "http_req_blocked": {
            "type": "trend",
            "contains": "time",
            "values": {
                "min": 0.010749,
                "med": 0.19401000000000002,
                "max": 0.377271,
                "p(90)": 0.34061880000000005,
                "p(95)": 0.3589449,
                "avg": 0.19401000000000002
            }
        },
        "http_req_sending": {
            "type": "trend",
            "contains": "time",
            "values": {
                "min": 0.040116,
                "med": 0.061891,
                "max": 0.083666,
                "p(90)": 0.079311,
                "p(95)": 0.0814885,
                "avg": 0.061891
            }
        },
        "iteration_duration": {
            "type": "trend",
            "contains": "time",
            "values": {
                "max": 2034.340509,
                "p(90)": 2034.340509,
                "p(95)": 2034.340509,
                "avg": 2034.340509,
                "min": 2034.340509,
                "med": 2034.340509
            }
        },
        "http_req_tls_handshaking": {
            "values": {
                "avg": 0,
                "min": 0,
                "med": 0,
                "max": 0,
                "p(90)": 0,
                "p(95)": 0
            },
            "type": "trend",
            "contains": "time"
        },
        "http_req_duration": {
            "contains": "time",
            "values": {
                "avg": 15.8025705,
                "min": 8.534091,
                "med": 15.8025705,
                "max": 23.07105,
                "p(90)": 21.6173541,
                "p(95)": 22.34420205
            },
            "type": "trend"
        },
        "http_req_waiting": {
            "type": "trend",
            "contains": "time",
            "values": {
                "max": 22.795936,
                "p(90)": 21.351098300000004,
                "p(95)": 22.07351715,
                "avg": 15.5717475,
                "min": 8.347559,
                "med": 15.5717475
            }
        },
        "vus": {
            "contains": "default",
            "values": {
                "value": 1,
                "min": 1,
                "max": 1
            },
            "type": "gauge"
        },
        "iterations": {
            "type": "counter",
            "contains": "default",
            "values": {
                "count": 1,
                "rate": 0.49149568578234526
            }
        },
        "http_reqs": {
            "contains": "default",
            "values": {
                "count": 2,
                "rate": 0.9829913715646905
            },
            "type": "counter"
        },
        "http_req_failed": {
            "type": "rate",
            "contains": "default",
            "values": {
                "rate": 0,
                "passes": 0,
                "fails": 2
            }
        },
        "vus_max": {
            "type": "gauge",
            "contains": "default",
            "values": {
                "value": 1,
                "min": 1,
                "max": 1
            }
        },
        "data_received": {
            "type": "counter",
            "contains": "data",
            "values": {
                "count": 1326,
                "rate": 651.7232793473898
            }
        },
        "http_req_connecting": {
            "type": "trend",
            "contains": "time",
            "values": {
                "p(90)": 0.2233881,
                "p(95)": 0.23579855,
                "avg": 0.1241045,
                "min": 0,
                "med": 0.1241045,
                "max": 0.248209
            }
        },
        "http_req_receiving": {
            "type": "trend",
            "contains": "time",
            "values": {
                "avg": 0.168932,
                "min": 0.146416,
                "med": 0.168932,
                "max": 0.191448,
                "p(90)": 0.18694480000000002,
                "p(95)": 0.18919640000000001
            }
        },
        "checks": {
            "type": "rate",
            "contains": "default",
            "values": {
                "rate": 1,
                "passes": 4,
                "fails": 0
            },
            "thresholds": {
                "rate==1.0": {
                    "ok": true
                }
            }
        },
        "data_sent": {
            "type": "counter",
            "contains": "data",
            "values": {
                "count": 196,
                "rate": 96.33315441333967
            }
        },
        "http_req_duration{expected_response:true}": {
            "type": "trend",
            "contains": "time",
            "values": {
                "max": 23.07105,
                "p(90)": 21.6173541,
                "p(95)": 22.34420205,
                "avg": 15.8025705,
                "min": 8.534091,
                "med": 15.8025705
            }
        }
    },
    "root_group": {
        "path": "",
        "id": "d41d8cd98f00b204e9800998ecf8427e",
        "groups": [],
        "checks": [
                {
                    "id": "2502e4c3555b17056ef38557122fe1ce",
                    "passes": 1,
                    "fails": 0,
                    "name": "Página 1: status 200",
                    "path": "::Página 1: status 200"
                },
                {
                    "path": "::Página 1: retornou array",
                    "id": "73c6ed53cd9e9af8eb59608bb123a920",
                    "passes": 1,
                    "fails": 0,
                    "name": "Página 1: retornou array"
                },
                {
                    "id": "dfd40fd0c2e85f188219fd4b9d4954f1",
                    "passes": 1,
                    "fails": 0,
                    "name": "Página 2: status 200",
                    "path": "::Página 2: status 200"
                },
                {
                    "id": "434aa490f3b8bff1cf8b97db835a74f1",
                    "passes": 1,
                    "fails": 0,
                    "name": "Página 2: retornou array",
                    "path": "::Página 2: retornou array"
                }
            ],
        "name": ""
    }
}