{
    "metrics": {
        "http_reqs": {
            "contains": "default",
            "values": {
                "count": 132,
                "rate": 6.415611033072162
            },
            "type": "counter"
        },
        "http_req_receiving": {
            "type": "trend",
            "contains": "time",
            "values": {
                "med": 0.14071,
                "max": 0.49222,
                "p(90)": 0.28163350000000004,
                "p(95)": 0.3385115999999999,
                "avg": 0.16174028787878791,
                "min": 0.041122
            }
        },
        "data_sent": {
            "type": "counter",
            "contains": "data",
            "values": {
                "count": 15774,
                "rate": 766.6655184521234
            }
        },
        "http_req_duration": {
            "type": "trend",
            "contains": "time",
            "values": {
                "avg": 10.983871575757576,
                "min": 2.275729,
                "med": 8.180501499999998,
                "max": 362.325876,
                "p(90)": 11.656102900000002,
                "p(95)": 12.886726399999999
            }
        },
        "http_req_sending": {
            "contains": "time",
            "values": {
                "avg": 0.04582110606060607,
                "min": 0.01225,
                "med": 0.038224999999999995,
                "max": 0.26706,
                "p(90)": 0.07337790000000001,
                "p(95)": 0.09608045
            },
            "type": "trend"
        },
        "iterations": {
            "type": "counter",
            "contains": "default",
            "values": {
                "rate": 3.207805516536081,
                "count": 66
            }
        },
        "vus_max": {
            "values": {
                "value": 5,
                "min": 5,
                "max": 5
            },
            "type": "gauge",
            "contains": "default"
        },
        "http_req_connecting": {
            "type": "trend",
            "contains": "time",
            "values": {
                "min": 0,
                "med": 0,
                "max": 0.777875,
                "p(90)": 0,
                "p(95)": 0,
                "avg": 0.018549106060606058
            }
        },
        "checks": {
            "values": {
                "fails": 199,
                "rate": 0.5692640692640693,
                "passes": 263
            },
            "type": "rate",
            "contains": "default"
        },
        "vus": {
            "type": "gauge",
            "contains": "default",
            "values": {
                "value": 1,
                "min": 1,
                "max": 5
            }
        },
        "data_received": {
            "contains": "data",
            "values": {
                "count": 152328,
                "rate": 7403.615132165275
            },
            "type": "counter"
        },
        "iteration_duration": {
            "type": "trend",
            "contains": "time",
            "values": {
                "min": 578.665637,
                "med": 1220.7462055,
                "max": 1970.915491,
                "p(90)": 1751.9564305,
                "p(95)": 1863.50436825,
                "avg": 1226.5988892424243
            }
        },
        "http_req_duration{expected_response:true}": {
            "type": "trend",
            "contains": "time",
            "values": {
                "p(95)": 12.886726399999999,
                "avg": 10.983871575757576,
                "min": 2.275729,
                "med": 8.180501499999998,
                "max": 362.325876,
                "p(90)": 11.656102900000002
            }
        },
        "http_req_duration{name:ListVideos_Page2}": {
            "type": "trend",
            "contains": "time",
            "values": {
                "avg": 7.704480696969696,
                "min": 2.275729,
                "med": 6.1810455,
                "max": 61.895881,
                "p(90)": 11.4365325,
                "p(95)": 12.725622000000001
            },
            "thresholds": {
                "p(95)<500": {
                    "ok": true
                }
            }
        },
        "http_req_blocked": {
            "type": "trend",
            "contains": "time",
            "values": {
                "p(90)": 0.021654400000000004,
                "p(95)": 0.030538249999999892,
                "avg": 0.040329371212121254,
                "min": 0.00421,
                "med": 0.011932000000000002,
                "max": 1.124536
            }
        },
        "http_req_tls_handshaking": {
            "type": "trend",
            "contains": "time",
            "values": {
                "min": 0,
                "med": 0,
                "max": 0,
                "p(90)": 0,
                "p(95)": 0,
                "avg": 0
            }
        },
        "http_req_failed": {
            "type": "rate",
            "contains": "default",
            "values": {
                "rate": 0,
                "passes": 0,
                "fails": 132
            }
        },
        "http_req_waiting": {
            "type": "trend",
            "contains": "time",
            "values": {
                "p(95)": 12.708535399999999,
                "avg": 10.776310181818186,
                "min": 2.195031,
                "med": 7.9930845,
                "max": 361.993842,
                "p(90)": 11.3414316
            }
        },
        "http_req_duration{name:ListVideos_Page1}": {
            "thresholds": {
                "p(95)<500": {
                    "ok": true
                }
            },
            "type": "trend",
            "contains": "time",
            "values": {
                "p(90)": 11.6429845,
                "p(95)": 12.73162875,
                "avg": 14.263262454545453,
                "min": 3.133166,
                "med": 9.049283500000001,
                "max": 362.325876
            }
        }
    },
    "root_group": {
        "name": "",
        "path": "",
        "id": "d41d8cd98f00b204e9800998ecf8427e",
        "groups": [],
        "checks": [
                {
                    "name": "status é 200",
                    "path": "::status é 200",
                    "id": "b16e99ca05db78d0783cae331c9a2805",
                    "passes": 66,
                    "fails": 0
                },
                {
                    "id": "2da88c21a3a5f3841f26983aa10bd801",
                    "passes": 0,
                    "fails": 66,
                    "name": "retornou objeto com videos",
                    "path": "::retornou objeto com videos"
                },
                {
                    "id": "2f766d60e14da1d6d99def619a1dbc1f",
                    "passes": 66,
                    "fails": 0,
                    "name": "retornou metadados de paginação",
                    "path": "::retornou metadados de paginação"
                },
                {
                    "id": "f414767799b54f6dc2e3a9b33f96f5a1",
                    "passes": 65,
                    "fails": 1,
                    "name": "página 1 tempo < 300ms",
                    "path": "::página 1 tempo < 300ms"
                },
                {
                    "name": "página 2 status é 200",
                    "path": "::página 2 status é 200",
                    "id": "27a6cdae7d7550adb432c10a855686fc",
                    "passes": 66,
                    "fails": 0
                },
                {
                    "name": "está na página 2",
                    "path": "::está na página 2",
                    "id": "4d4a76018f69b5e2155720d9a98abea9",
                    "passes": 0,
                    "fails": 66
                },
                {
                    "path": "::limite é 5",
                    "id": "acad85887a9a6df252ccfd3386631009",