{
    "state": {
        "isStdOutTTY": false,
        "isStdErrTTY": false,
        "testRunDurationMs": 2140.464085
    },
    "metrics": {
        "http_req_connecting": {
            "type": "trend",
            "contains": "time",
            "values": {
                "avg": 0.111075,
                "min": 0,
                "med": 0.111075,
                "max": 0.22215,
                "p(90)": 0.199935,
                "p(95)": 0.21104249999999997
            }
        },
        "http_req_tls_handshaking": {
            "values": {
                "min": 0,
                "med": 0,
                "max": 0,
                "p(90)": 0,
                "p(95)": 0,
                "avg": 0
            },
            "type": "trend",
            "contains": "time"
        },
        "http_reqs": {
            "type": "counter",
            "contains": "default",
            "values": {
                "count": 2,
                "rate": 0.9343768082892173
            }
        },
        "http_req_duration{expected_response:true}": {
            "type": "trend",
            "contains": "time",
            "values": {
                "avg": 53.980025999999995,
                "min": 46.119174,
                "med": 53.980025999999995,
                "max": 61.840878,
                "p(90)": 60.2687076,
                "p(95)": 61.054792799999994
            }
        },
        "vus": {
            "type": "gauge",
            "contains": "default",
            "values": {
                "min": 1,
                "max": 1,
                "value": 1
            }
        },
        "iterations": {
            "values": {
                "count": 1,
                "rate": 0.46718840414460866
            },
            "type": "counter",
            "contains": "default"
        },
        "http_req_waiting": {
            "contains": "time",
            "values": {
                "avg": 53.4774715,
                "min": 45.716181,
                "med": 53.4774715,
                "max": 61.238762,
                "p(90)": 59.686503900000005,
                "p(95)": 60.46263295
            },
            "type": "trend"
        },
        "http_req_duration": {
            "type": "trend",
            "contains": "time",
            "values": {
                "p(95)": 61.054792799999994,
                "avg": 53.980025999999995,
                "min": 46.119174,
                "med": 53.980025999999995,
                "max": 61.840878,
                "p(90)": 60.2687076
            }
        },
        "http_req_receiving": {
            "type": "trend",
            "contains": "time",
            "values": {
                "avg": 0.3652705,
                "min": 0.257029,
                "med": 0.3652705,
                "max": 0.473512,
                "p(90)": 0.4518637,
                "p(95)": 0.46268785
            }
        },
        "iteration_duration": {
            "type": "trend",
            "contains": "time",
            "values": {
                "p(95)": 2140.103636,
                "avg": 2140.103636,
                "min": 2140.103636,
                "med": 2140.103636,
                "max": 2140.103636,
                "p(90)": 2140.103636
            }
        },
        "http_req_blocked": {
            "type": "trend",
            "contains": "time",
            "values": {
                "max": 0.337472,
                "p(90)": 0.30630040000000003,
                "p(95)": 0.32188619999999996,
                "avg": 0.181614,
                "min": 0.025756,
                "med": 0.181614
            }
        },
        "http_req_failed": {
            "type": "rate",
            "contains": "default",
            "values": {
                "passes": 0,
                "fails": 2,
                "rate": 0
            }
        },
        "data_received": {
            "type": "counter",
            "contains": "data",
            "values": {
                "count": 2307,
                "rate": 1077.8036483616122
            }
        },
        "http_req_sending": {
            "type": "trend",
            "contains": "time",
            "values": {
                "avg": 0.13728400000000002,
                "min": 0.128604,
                "med": 0.13728400000000002,
                "max": 0.145964,
                "p(90)": 0.14422800000000002,
                "p(95)": 0.145096
            }
        },
        "vus_max": {
            "type": "gauge",
            "contains": "default",
            "values": {
                "value": 1,
                "min": 1,
                "max": 1
            }
        },
        "data_sent": {
            "type": "counter",
            "contains": "data",
            "values": {
                "count": 190,
                "rate": 88.76579678747565
            }
        },
        "checks": {
            "type": "rate",
            "contains": "default",
            "values": {
                "rate": 1,
                "passes": 4,
                "fails": 0
            },
            "thresholds": {
                "rate>0.85": {
                    "ok": true
                }
            }
        }
    },
    "root_group": {
        "path": "",
        "id": "d41d8cd98f00b204e9800998ecf8427e",
        "groups": [],
        "checks": [
                {
                    "name": "Página 1: status 200",
                    "path": "::Página 1: status 200",
                    "id": "2502e4c3555b17056ef38557122fe1ce",
                    "passes": 1,
                    "fails": 0
                },
                {
                    "name": "Página 1: retornou dados",
                    "path": "::Página 1: retornou dados",
                    "id": "bdd9bc07061e34db569b93fe35dfdd73",
                    "passes": 1,
                    "fails": 0
                },
                {
                    "name": "Página 2: status 200",
                    "path": "::Página 2: status 200",
                    "id": "dfd40fd0c2e85f188219fd4b9d4954f1",
                    "passes": 1,
                    "fails": 0
                },
                {
                    "name": "Página 2: retornou dados",
                    "path": "::Página 2: retornou dados",
                    "id": "47c09ed85c42d45dd128860566f67961",
                    "passes": 1,
                    "fails": 0
                }
            ],
        "name": ""
    },
    "options": {
        "summaryTrendStats": [
            "avg",
            "min",
            "med",
            "max",
            "p(90)",
            "p(95)"
        ],
        "summaryTimeUnit": "",
        "noColor": false
    }
}