{
    "metrics": {
        "http_req_sending": {
            "type": "trend",
            "contains": "time",
            "values": {
                "avg": 0.045425477611940275,
                "min": 0.009189,
                "med": 0.041009000000000004,
                "max": 0.256383,
                "p(90)": 0.0690521,
                "p(95)": 0.08854144999999998
            }
        },
        "http_req_duration{name:ListVideos_Page2}": {
            "type": "trend",
            "contains": "time",
            "values": {
                "min": 2.254108,
                "med": 6.492494,
                "max": 66.330243,
                "p(90)": 9.8723868,
                "p(95)": 11.910046899999992,
                "avg": 7.6356664626865625
            },
            "thresholds": {
                "p(95)<500": {
                    "ok": true
                }
            }
        },
        "http_req_tls_handshaking": {
            "values": {
                "p(95)": 0,
                "avg": 0,
                "min": 0,
                "med": 0,
                "max": 0,
                "p(90)": 0
            },
            "type": "trend",
            "contains": "time"
        },
        "checks": {
            "type": "rate",
            "contains": "default",
            "values": {
                "rate": 0.5692963752665245,
                "passes": 267,
                "fails": 202
            }
        },
        "http_reqs": {
            "type": "counter",
            "contains": "default",
            "values": {
                "count": 134,
                "rate": 6.482740666460785
            }
        },
        "http_req_blocked": {
            "type": "trend",
            "contains": "time",
            "values": {
                "max": 0.683461,
                "p(90)": 0.026060200000000002,
                "p(95)": 0.04372774999999999,
                "avg": 0.03284837313432839,
                "min": 0.003096,
                "med": 0.011619999999999998
            }
        },
        "http_req_duration{name:ListVideos_Page1}": {
            "type": "trend",
            "contains": "time",
            "values": {
                "p(95)": 12.5180232,
                "avg": 23.647061776119404,
                "min": 3.923209,
                "med": 9.325,
                "max": 980.67801,
                "p(90)": 11.7006844
            },
            "thresholds": {
                "p(95)<500": {
                    "ok": true
                }
            }
        },
        "vus": {
            "type": "gauge",
            "contains": "default",
            "values": {
                "value": 1,
                "min": 1,
                "max": 5
            }
        },
        "data_sent": {
            "type": "counter",
            "contains": "data",
            "values": {
                "count": 16013,
                "rate": 774.6875096420638
            }
        },
        "data_received": {
            "type": "counter",
            "contains": "data",
            "values": {
                "count": 154636,
                "rate": 7481.082729095746
            }
        },
        "iteration_duration": {
            "type": "trend",
            "contains": "time",
            "values": {
                "p(90)": 1800.125415,
                "p(95)": 1853.3612223,
                "avg": 1178.257440955224,
                "min": 523.172364,
                "med": 1099.38659,
                "max": 2497.093593
            }
        },
        "iterations": {
            "type": "counter",
            "contains": "default",
            "values": {
                "rate": 3.2413703332303925,
                "count": 67
            }
        },
        "http_req_connecting": {
            "type": "trend",
            "contains": "time",
            "values": {
                "avg": 0.014503888059701493,
                "min": 0,
                "med": 0,
                "max": 0.477043,
                "p(90)": 0,
                "p(95)": 0
            }
        },
        "http_req_receiving": {
            "values": {
                "max": 0.508317,
                "p(90)": 0.2751898,
                "p(95)": 0.3268441499999999,
                "avg": 0.1517700746268658,
                "min": 0.052057,
                "med": 0.121758
            },
            "type": "trend",
            "contains": "time"
        },
        "http_req_duration{expected_response:true}": {
            "type": "trend",
            "contains": "time",
            "values": {
                "med": 8.1362345,
                "max": 980.67801,
                "p(90)": 11.0525679,
                "p(95)": 12.5166141,
                "avg": 15.641364119402985,
                "min": 2.254108
            }
        },
        "http_req_waiting": {
            "type": "trend",
            "contains": "time",
            "values": {
                "p(95)": 12.339515200000001,
                "avg": 15.444168567164175,
                "min": 2.192862,
                "med": 7.923052,
                "max": 980.387712,
                "p(90)": 10.8319006
            }
        },
        "vus_max": {
            "type": "gauge",
            "contains": "default",
            "values": {
                "value": 5,
                "min": 5,
                "max": 5
            }
        },
        "http_req_duration": {
            "type": "trend",
            "contains": "time",
            "values": {
                "p(95)": 12.5166141,
                "avg": 15.641364119402985,
                "min": 2.254108,
                "med": 8.1362345,
                "max": 980.67801,
                "p(90)": 11.0525679
            }
        },
        "http_req_failed": {
            "type": "rate",
            "contains": "default",
            "values": {
                "passes": 0,
                "fails": 134,
                "rate": 0
            }
        }
    },
    "root_group": {
        "name": "",
        "path": "",
        "id": "d41d8cd98f00b204e9800998ecf8427e",
        "groups": [],
        "checks": [
                {
                    "path": "::status é 200",
                    "id": "b16e99ca05db78d0783cae331c9a2805",
                    "passes": 67,
                    "fails": 0,
                    "name": "status é 200"
                },
                {
                    "name": "retornou objeto com videos",
                    "path": "::retornou objeto com videos",
                    "id": "2da88c21a3a5f3841f26983aa10bd801",
                    "passes": 0,
                    "fails": 67
                },
                {
                    "name": "retornou metadados de paginação",
                    "path": "::retornou metadados de paginação",
                    "id": "2f766d60e14da1d6d99def619a1dbc1f",
                    "passes": 67,
                    "fails": 0
                },
                {
                    "id": "f414767799b54f6dc2e3a9b33f96f5a1",
                    "passes": 66,
                    "fails": 1,
                    "name": "página 1 tempo < 300ms",
                    "path": "::página 1 tempo < 300ms"
                },
                {
                    "passes": 67,
                    "fails": 0,
                    "name": "página 2 status é 200",
                    "path": "::página 2 status é 200",
                    "id": "27a6cdae7d7550adb432c10a855686fc"
                },
                {
                    "path": "::está na página 2",
                    "id": "4d4a76018f69b5e2155720d9a98abea9",
                    "passes": 0,
                    "fails": 67,
                    "name": "está na página 2"
                },
                {
                    "path": "::limite é 5",
                    "id": "acad85887a9a6df252ccfd3386631009",
                    "passes": 0,
                    "fails": 67,